Time[s],NS[cm/s/s],EW[cm/s/s],UD[cm/s/s]
0,-1.4,0.3 ,2.4 
0.02,-10.8,1.9 ,-23.0 
0.04,-10.1,6.8 ,-27.5 
0.06,-8.8,2.9 ,-39.7 
0.08,-9.5,2.9 ,-39.0 
0.1,-12,5.4 ,-6.0 
0.12,-14.2,8.3 ,40.9 
0.14,-12.8,5.3 ,20.9 
0.16,-11,1.4 ,-68.3 
0.18,-8.5,5.3 ,-64.7 
0.2,-8.5,13.4 ,9.1 
0.22,-13.1,12.4 ,13.4 
0.24,-17.6,6.6 ,31.7 
0.26,-19.4,6.1 ,73.8 
0.28,-16.2,13.3 ,60.0 
0.3,-14.4,4.9 ,-53.1 
0.32,-10.8,9.6 ,-26.1 
0.34,-8.2,18.8 ,-13.0 
0.36,-4.2,24.3 ,-43.9 
0.38,-6.6,13.3 ,-69.0 
0.4,-13.1,4.6 ,-11.7 
0.42,-19,-8.1 ,26.0 
0.44,-19.6,-15.6 ,84.0 
0.46,-6.6,-8.5 ,122.4 
0.48,3,-3.1 ,-23.2 
0.5,14.1,4.0 ,-137.1 
0.52,-4.9,8.5 ,-72.7 
0.54,-12.8,13.2 ,-38.1 
0.56,-14.4,18.0 ,39.4 
0.58,-20.3,16.2 ,77.1 
0.6,-26,2.3 ,35.6 
0.62,-32.5,2.5 ,17.9 
0.64,-30.6,8.0 ,-17.1 
0.66,-17.2,7.7 ,-5.8 
0.68,-19.7,11.0 ,-19.4 
0.7,-16.3,13.1 ,22.9 
0.72,-16.4,8.1 ,90.3 
0.74,-6.7,1.3 ,-8.0 
0.76,2.5,-15.1 ,-111.2 
0.78,15,-33.0 ,-69.9 
0.8,23.6,-53.2 ,-18.8 
0.82,25.2,-64.6 ,57.7 
0.84,33.6,-52.5 ,107.7 
0.86,46.3,-41.5 ,173.4 
0.88,49.2,-40.1 ,-3.6 
0.9,41.9,-51.5 ,-96.8 
0.92,35.9,-56.9 ,66.6 
0.94,27.1,-57.2 ,117.3 
0.96,23.5,-52.8 ,172.8 
0.98,33.9,-49.7 ,-206.3 
1,41.2,-49.8 ,-55.5 
1.02,53,-55.0 ,-43.1 
1.04,63.9,-49.2 ,93.6 
1.06,73.2,-43.1 ,22.0 
1.08,65.2,-36.2 ,-183.6 
1.1,59.9,-28.0 ,-183.7 
1.12,40,-20.4 ,-41.9 
1.14,40,-14.7 ,60.6 
1.16,6.3,-21.3 ,172.2 
1.18,-51.5,-4.7 ,-141.0 
1.2,-78.7,21.5 ,-44.0 
1.22,-60.3,47.9 ,-26.7 
1.24,-48.4,58.0 ,51.9 
1.26,-25,18.8 ,87.5 
1.28,-5.9,-12.2 ,-3.5 
1.3,13.4,-53.8 ,-80.9 
1.32,30.8,-96.8 ,-9.8 
1.34,49.9,-110.0 ,27.8 
1.36,71,-105.9 ,109.3 
1.38,99.5,-107.0 ,42.1 
1.4,121.9,-99.9 ,-79.1 
1.42,152.9,-93.6 ,-66.4 
1.44,144.9,-112.8 ,-27.9 
1.46,115.5,-146.9 ,-42.3 
1.48,93.5,-121.3 ,-26.1 
1.5,89.2,-109.9 ,20.4 
1.52,92.6,-85.8 ,52.1 
1.54,83.9,-63.6 ,-39.9 
1.56,90.1,-38.0 ,-9.6 
1.58,99.3,-15.5 ,23.6 
1.6,120.9,10.7 ,78.1 
1.62,32.8,33.8 ,45.5 
1.64,-147.5,59.9 ,-58.9 
1.66,-206.6,83.5 ,-31.5 
1.68,-198.9,109.2 ,21.5 
1.7,-203.4,132.5 ,74.3 
1.72,-181.6,148.5 ,124.2 
1.74,-172.5,119.2 ,-52.7 
1.76,-175.2,110.5 ,-13.3 
1.78,-175.3,100.3 ,-39.8 
1.8,-180.5,107.9 ,-64.1 
1.82,-163,82.4 ,1.8 
1.84,-134.7,36.9 ,94.6 
1.86,-108.7,-22.5 ,5.2 
1.88,-78.2,-148.1 ,-152.2 
1.9,-42.9,-178.6 ,-48.9 
1.92,-1.7,-158.9 ,-9.9 
1.94,36,-169.3 ,54.3 
1.96,78.5,-152.1 ,-6.6 
1.98,116.4,-144.6 ,-21.9 
2,159.8,-134.8 ,-1.0 
2.02,196,-126.5 ,-12.1 
2.04,241.2,-117.9 ,-52.9 
2.06,272.9,-108.8 ,-42.6 
2.08,303.6,-99.7 ,-7.3 
2.1,320,-76.4 ,22.7 
2.12,341.7,-59.5 ,31.4 
2.14,282.1,-9.5 ,-60.6 
2.16,232.4,54.2 ,-17.1 
2.18,-119.8,105.9 ,14.9 
2.2,-237.3,77.0 ,24.1 
2.22,-164,58.5 ,15.7 
2.24,-186.5,24.7 ,50.9 
2.26,-109.5,-12.8 ,10.3 
2.28,-75.3,-67.5 ,-28.9 
2.3,-17.3,-82.6 ,-14.4 
2.32,11.3,-52.1 ,-24.1 
2.34,53.3,-30.0 ,-21.1 
2.36,89.5,7.4 ,23.9 
2.38,118.6,44.7 ,-86.7 
2.4,175.7,85.2 ,-78.0 
2.42,57.6,111.8 ,-26.0 
2.44,-263.1,92.2 ,2.2 
2.46,-154.7,77.5 ,59.9 
2.48,-172.9,54.4 ,-70.5 
2.5,-101.2,15.6 ,-89.8 
2.52,-57.9,-18.3 ,-22.7 
2.54,23.7,-61.2 ,-6.6 
2.56,-67,-70.0 ,78.5 
2.58,-198,-31.8 ,3.1 
2.6,-164.1,-3.8 ,-36.6 
2.62,-168.5,28.4 ,-21.4 
2.64,-148.1,59.4 ,-80.7 
2.66,-123.1,91.9 ,-10.6 
2.68,-100.1,110.9 ,30.2 
2.7,-75.1,65.1 ,106.0 
2.72,-52.3,27.0 ,67.9 
2.74,-27.1,-15.1 ,-113.6 
2.76,-4.4,14.4 ,-49.3 
2.78,18.8,33.0 ,44.1 
2.8,-9.5,77.2 ,112.6 
2.82,-43.3,118.1 ,28.5 
2.84,-83.8,159.2 ,13.5 
2.86,-95.1,178.0 ,2.8 
2.88,-71.6,148.7 ,-24.4 
2.9,-59.9,118.3 ,-18.6 
2.92,-33.4,78.8 ,8.1 
2.94,-10.8,32.6 ,7.4 
2.96,18.5,35.1 ,3.2 
2.98,42,52.9 ,12.0 
3,67.3,69.0 ,-18.7 
3.02,-9.7,71.1 ,6.5 
3.04,-37.2,66.3 ,34.7 
3.06,-4,62.1 ,41.9 
3.08,1.1,54.2 ,21.6 
3.1,34.4,52.1 ,-2.6 
3.12,56.5,63.4 ,-53.1 
3.14,88.3,69.8 ,-67.5 
3.16,113,81.0 ,-24.2 
3.18,136.3,43.1 ,-3.4 
3.2,21.9,-5.5 ,-23.0 
3.22,24.1,-45.9 ,-102.1 
3.24,68.3,-20.6 ,-65.8 
3.26,68.9,-0.7 ,2.8 
3.28,131.8,26.0 ,74.8 
3.3,135.3,48.6 ,164.5 
3.32,204,76.4 ,190.4 
3.34,-93.1,87.9 ,-116.3 
3.36,-130.8,61.1 ,13.6 
3.38,-69.2,35.1 ,93.5 
3.4,-54.6,19.8 ,134.7 
3.42,7.2,42.9 ,77.2 
3.44,67.5,57.9 ,51.5 
3.46,-106.7,86.4 ,-4.9 
3.48,-148.8,94.6 ,13.0 
3.5,-107.1,41.4 ,-21.5 
3.52,-116.2,-5.9 ,-20.2 
3.54,-76.2,-51.1 ,-36.9 
3.56,-55.9,-92.6 ,-11.4 
3.58,-21.5,-95.3 ,-4.8 
3.6,-12.6,-93.4 ,15.6 
3.62,-67.4,-88.8 ,27.0 
3.64,-32.4,-86.1 ,7.8 
3.66,-33.7,-74.0 ,-18.8 
3.68,-10.9,-62.4 ,-0.9 
3.7,1.7,-50.1 ,-68.1 
3.72,29.9,-37.6 ,-42.5 
3.74,48.8,-24.0 ,14.3 
3.76,60.8,-12.5 ,40.6 
3.78,22.2,1.5 ,-47.4 
3.8,-3.2,-17.1 ,-76.1 
3.82,-24.5,-42.1 ,-32.4 
3.84,7.7,-71.1 ,8.7 
3.86,21.1,-64.3 ,62.3 
3.88,56.8,-27.7 ,101.9 
3.9,82.6,-6.5 ,-8.4 
3.92,120.6,16.9 ,-52.1 
3.94,147.8,-23.0 ,-23.5 
3.96,173.7,-59.0 ,34.7 
3.98,42.1,-57.0 ,32.8 
4,2.9,-6.5 ,5.5 
4.02,25.9,14.7 ,36.7 
4.04,29.3,20.5 ,21.8 
4.06,-5.5,20.9 ,-40.4 
4.08,-14.7,43.9 ,-41.3 
4.1,14.3,50.9 ,-2.1 
4.12,20.6,48.2 ,24.1 
4.14,49.9,-156.3 ,-22.3 
4.16,64.5,-98.5 ,-0.5 
4.18,95.7,-107.4 ,60.9 
4.2,112.8,-67.3 ,-6.5 
4.22,144.7,-25.6 ,-55.6 
4.24,162.9,26.1 ,1.9 
4.26,194.5,61.5 ,49.5 
4.28,185.6,102.2 ,2.3 
4.3,198.4,109.3 ,-74.0 
4.32,176.9,95.4 ,-14.9 
4.34,125,87.5 ,-5.4 
4.36,-120.7,66.1 ,17.8 
4.38,-54.2,52.3 ,-16.5 
4.4,-38.4,67.6 ,-15.9 
4.42,-31.1,107.9 ,8.6 
4.44,-111.8,77.0 ,44.2 
4.46,-166.1,86.9 ,5.7 
4.48,-246.4,59.2 ,-26.0 
4.5,-202.5,64.5 ,11.3 
4.52,-183.5,-108.3 ,43.7 
4.54,-131.7,-93.0 ,28.5 
4.56,-96,-106.8 ,3.4 
4.58,-32.5,-117.0 ,-13.4 
4.6,15.4,-103.5 ,-6.0 
4.62,81.6,-101.1 ,3.7 
4.64,131.9,-153.2 ,5.3 
4.66,181.8,-124.5 ,-11.2 
4.68,-5.8,-111.7 ,-11.8 
4.7,-16.9,-87.4 ,-0.6 
4.72,28.5,-61.3 ,-4.3 
4.74,44.7,-25.8 ,-16.1 
4.76,98.3,2.4 ,15.1 
4.78,142.4,43.8 ,46.4 
4.8,185.3,69.4 ,41.5 
4.82,245.6,70.8 ,1.0 
4.84,168.5,69.0 ,-30.8 
4.86,-138,67.3 ,-6.9 
4.88,-99.9,62.3 ,18.5 
4.9,-108.9,79.4 ,35.5 
4.92,-90.7,63.0 ,16.5 
4.94,-46.9,52.5 ,20.4 
4.96,-125,46.3 ,-10.9 
4.98,-211.1,53.3 ,-4.3 
5,-161.7,62.3 ,43.2 
5.02,-169.2,51.7 ,42.3 
5.04,-130.6,20.6 ,-3.6 
5.06,-111.1,-6.7 ,-15.4 
5.08,-77.3,-13.2 ,5.5 
5.1,-51,4.9 ,-7.9 
5.12,-54.4,53.6 ,-37.4 
5.14,-120,100.2 ,17.5 
5.16,-120.9,32.3 ,50.5 
5.18,-115.8,-18.1 ,-83.1 
5.2,-114.5,11.7 ,-67.2 
5.22,-71.7,46.1 ,-23.3 
5.24,-54.6,71.6 ,14.2 
5.26,6.4,106.1 ,59.6 
5.28,-80.4,121.6 ,-7.4 
5.3,-163.4,110.0 ,8.5 
5.32,-85.9,52.8 ,47.6 
5.34,-96.1,1.7 ,5.6 
5.36,-39.6,4.6 ,-68.3 
5.38,-14.7,-14.0 ,-23.4 
5.4,31.9,-10.7 ,36.1 
5.42,64.8,-33.8 ,13.0 
5.44,87.6,-78.0 ,-1.3 
5.46,47.2,-100.0 ,-9.8 
5.48,19.8,-99.0 ,16.6 
5.5,-2.7,-93.1 ,18.4 
5.52,29.2,-68.3 ,17.8 
5.54,44.5,-44.1 ,-12.4 
5.56,78.5,-21.1 ,-32.0 
5.58,103.3,1.7 ,5.4 
5.6,135.2,19.8 ,49.5 
5.62,160.6,57.8 ,36.3 
5.64,186.1,53.1 ,19.3 
5.66,128.1,8.4 ,13.9 
5.68,64,-7.4 ,-46.0 
5.7,20.4,-40.3 ,-45.0 
5.72,31.4,-53.3 ,38.3 
5.74,37.3,-49.8 ,10.3 
5.76,49.6,-30.1 ,-82.0 
5.78,23.5,-10.6 ,-8.6 
5.8,-8.4,-44.4 ,6.3 
5.82,-16.8,-79.2 ,15.4 
5.84,-11.3,-47.1 ,28.9 
5.86,-22.9,-41.4 ,9.7 
5.88,-24.8,-13.8 ,-44.8 
5.9,-15.7,9.8 ,-20.1 
5.92,-6.9,32.3 ,34.1 
5.94,14.7,1.0 ,67.7 
5.96,37.9,-28.7 ,0.2 
5.98,57.9,-40.5 ,-77.4 
6,25.5,-23.5 ,-58.4 
6.02,-4.1,-16.7 ,-15.7 
6.04,-42.8,6.7 ,47.1 
6.06,-13.3,23.7 ,75.0 
6.08,9.5,40.5 ,-68.3 
6.1,23,33.9 ,-66.0 
6.12,-12.9,13.4 ,15.3 
6.14,-5,-4.8 ,27.8 
6.16,8,-27.1 ,44.7 
6.18,21,-43.9 ,17.3 
6.2,38,-12.5 ,-59.0 
6.22,51,11.8 ,-73.9 
6.24,15.7,47.2 ,-21.8 
6.26,-3.2,63.7 ,47.1 
6.28,-11.1,21.2 ,80.9 
6.3,0.5,-6.4 ,14.4 
6.32,7.6,-42.0 ,-63.7 
6.34,3.5,-66.1 ,-30.4 
6.36,-9.5,-55.8 ,4.3 
6.38,-3.6,-50.0 ,73.3 
6.4,-1.6,-35.3 ,54.8 
6.42,3.8,-17.3 ,-61.9 
6.44,8.5,-0.5 ,-34.1 
6.46,-5.6,16.1 ,-0.6 
6.48,-30.4,13.2 ,45.7 
6.5,-42.1,14.0 ,80.2 
6.52,-24.4,11.7 ,38.7 
6.54,-23.6,31.0 ,-9.4 
6.56,-17.7,28.8 ,36.6 
6.58,-12.9,15.4 ,4.5 
6.6,-1.8,8.5 ,-86.6 
6.62,20.3,-7.6 ,1.4 
6.64,-10.8,-18.1 ,73.6 
6.66,-9.1,-36.6 ,47.0 
6.68,-3.4,-29.1 ,-23.7 
6.7,-10.6,-1.3 ,-42.6 
6.72,-11.1,27.4 ,-8.6 
6.74,-9.9,24.5 ,38.8 
6.76,-0.2,10.9 ,-30.7 
6.78,7.3,9.2 ,-123.3 
6.8,23.5,-10.3 ,-34.8 
6.82,35.5,-24.0 ,34.1 
6.84,70.5,-40.7 ,110.0 
6.86,77.9,-52.6 ,-38.8 
6.88,18.4,-49.4 ,-106.7 
6.9,-26.3,-71.9 ,-52.0 
6.92,-12.4,-52.3 ,-18.3 
6.94,-4.2,-26.0 ,53.9 
6.96,15.9,13.1 ,42.5 
6.98,4.8,69.3 ,-30.4 
7,-21.9,87.3 ,-28.1 
7.02,-46.7,61.6 ,-2.2 
7.04,-42.8,41.9 ,54.8 
7.06,-21.6,-9.1 ,27.1 
7.08,-4.3,-54.9 ,7.5 
7.1,15.9,-92.9 ,-31.3 
7.12,32,-85.3 ,1.5 
7.14,41.9,-57.8 ,-34.8 
7.16,12.3,-39.6 ,-31.1 
7.18,-16,-65.8 ,4.6 
7.2,-20.4,-71.8 ,29.4 
7.22,-8.2,-34.1 ,8.6 
7.24,-20.6,-4.3 ,49.2 
7.26,-13.7,26.2 ,19.6 
7.28,-5.5,56.7 ,-50.5 
7.3,5.3,80.1 ,19.8 
7.32,13.4,96.1 ,39.9 
7.34,26.6,85.6 ,22.0 
7.36,23.2,66.1 ,-5.2 
7.38,7.9,49.8 ,-63.2 
7.4,-0.8,28.4 ,-21.0 
7.42,20,11.3 ,-1.9 
7.44,43.5,-17.5 ,-22.8 
7.46,49.2,-47.6 ,-58.5 
7.48,19.1,-73.8 ,-59.3 
7.5,9.2,-51.7 ,-7.5 
7.52,-2.2,-36.9 ,-21.1 
7.54,-2.1,-11.3 ,-11.7 
7.56,5.2,-24.9 ,11.5 
7.58,9.3,-31.7 ,65.1 
7.6,25.5,-47.1 ,22.1 
7.62,36.8,-38.9 ,-75.8 
7.64,52.5,-23.2 ,-76.0 
7.66,54.1,-2.7 ,-11.6 
7.68,42.5,22.6 ,57.3 
7.7,39.8,49.3 ,54.8 
7.72,55.9,63.2 ,-66.5 
7.74,75.6,46.0 ,-5.7 
7.76,36.5,35.3 ,49.5 
7.78,41.1,19.9 ,16.2 
7.8,9.8,6.3 ,-7.2 
7.82,-20.4,-12.5 ,-48.6 
7.84,-24.9,-29.9 ,-4.0 
7.86,-40.5,-38.8 ,18.3 
7.88,-41.3,-32.0 ,2.7 
7.9,-47.1,-18.0 ,14.6 
7.92,-43.3,-22.9 ,-15.3 
7.94,-45.8,-36.4 ,-38.8 
7.96,-5.7,-46.2 ,-74.2 
7.98,17.8,-57.8 ,-54.0 
8,-20.8,-69.0 ,41.0 
8.02,-49.2,-75.9 ,30.6 
8.04,-53,-58.3 ,-8.0 
8.06,-36.2,-43.4 ,3.7 
8.08,-40.5,-36.7 ,-19.7 
8.1,-30.8,-63.2 ,-1.3 
8.12,-31.6,-66.2 ,25.4 
8.14,-26.5,-52.5 ,11.3 
8.16,-26.5,-35.3 ,5.6 
8.18,-26.9,-22.6 ,-5.2 
8.2,-34.5,5.1 ,-41.3 
8.22,-30.9,-18.8 ,-16.1 
8.24,-21.7,-42.7 ,24.5 
8.26,-7.8,-14.9 ,-18.5 
8.28,8.7,-12.3 ,18.8 
8.3,28.1,7.9 ,38.8 
8.32,31,24.1 ,50.0 
8.34,35.8,0.2 ,-2.0 
8.36,34.1,-24.3 ,-18.9 
8.38,35.8,-47.7 ,9.0 
8.4,28.7,-75.2 ,49.8 
8.42,30.5,-100.1 ,46.4 
8.44,11.2,-127.8 ,-4.0 
8.46,21.4,-96.0 ,-43.4 
8.48,13.6,-27.8 ,-21.0 
8.5,38.4,41.9 ,5.0 
8.52,-86.1,98.9 ,39.8 
8.54,-134.9,79.0 ,58.8 
8.56,-134.2,113.8 ,8.5 
8.58,-135.4,122.3 ,-35.1 
8.6,-119.3,111.7 ,-20.6 
8.62,-104.2,40.9 ,9.0 
8.64,-82.9,65.3 ,25.9 
8.66,-65.1,53.2 ,15.3 
8.68,-44.4,84.7 ,4.5 
8.7,-25.8,0.1 ,-9.2 
8.72,-6,-23.4 ,-2.1 
8.74,-9.1,-13.4 ,8.7 
8.76,-18.2,-33.7 ,5.1 
8.78,-14.7,-33.1 ,6.9 
8.8,8.5,-19.4 ,-23.7 
8.82,16.3,16.0 ,-3.4 
8.84,5,47.4 ,57.7 
8.86,26.4,60.2 ,61.2 
8.88,58.2,31.5 ,5.1 
8.9,86.7,20.5 ,-29.0 
8.92,120,7.0 ,-56.4 
8.94,169.5,38.9 ,-34.8 
8.96,111.1,83.6 ,17.4 
8.98,-110,99.6 ,7.2 
9,-36.6,107.2 ,-52.2 
9.02,-44.5,109.8 ,18.7 
9.04,-23.6,78.7 ,7.7 
9.06,-96,71.3 ,-48.3 
9.08,-65.6,74.1 ,-10.2 
9.1,-59.7,74.4 ,51.4 
9.12,-67,77.7 ,-95.7 
9.14,-55.2,84.1 ,67.4 
9.16,-2.7,85.2 ,54.6 
9.18,37.8,90.8 ,-6.8 
9.2,107.2,22.1 ,0.9 
9.22,166.9,5.2 ,-18.0 
9.24,94.7,13.9 ,-8.6 
9.26,40.8,7.3 ,23.9 
9.28,66.7,18.2 ,-2.0 
9.3,13.2,22.4 ,-5.0 
9.32,-9.5,31.5 ,-9.8 
9.34,-52,28.5 ,24.4 
9.36,-82.7,6.4 ,17.2 
9.38,-115.2,-10.8 ,26.5 
9.4,-115,-36.0 ,18.8 
9.42,-80.3,-46.1 ,12.7 
9.44,-36.9,-34.3 ,0.0 
9.46,2.9,-34.3 ,-7.8 
9.48,54.5,-27.8 ,-16.1 
9.5,117.8,-27.3 ,8.7 
9.52,161,-64.0 ,-21.3 
9.54,-27,-93.5 ,-4.1 
9.56,3.4,-74.3 ,33.6 
9.58,-5.6,-48.5 ,23.0 
9.6,2,-5.0 ,30.2 
9.62,14.6,35.1 ,14.7 
9.64,53.7,46.0 ,8.8 
9.66,79.8,8.9 ,-5.5 
9.68,-20.5,-33.2 ,-14.7 
9.7,-59,-63.7 ,-3.6 
9.72,-16.9,-102.2 ,-32.3 
9.74,-17.5,-72.8 ,-27.4 
9.76,-2.8,-47.4 ,19.6 
9.78,7.4,11.9 ,28.8 
9.8,38.2,32.6 ,-8.1 
9.82,56.7,25.3 ,-23.1 
9.84,75.3,14.4 ,15.8 
9.86,80.1,16.1 ,19.7 
9.88,59.2,26.2 ,-43.5 
9.9,30.4,37.7 ,-74.0 
9.92,2.3,30.5 ,-62.5 
9.94,6.4,-2.2 ,-49.1 
9.96,-40.6,-30.7 ,-13.6 
9.98,-45.1,-70.0 ,31.3 
10,-7.9,-83.0 ,32.3 
10.02,16.8,-93.8 ,-3.9 
10.04,56.7,-41.6 ,-14.7 
10.06,9.3,-54.1 ,-3.9 
10.08,-5.5,-98.0 ,14.9 
10.1,4.4,-41.5 ,12.5 
10.12,-12.3,9.5 ,-11.1 
10.14,-28.2,60.6 ,-32.5 
10.16,-43.7,96.2 ,-34.5 
10.18,-35.2,98.8 ,-21.4 
10.2,-25.5,45.1 ,-7.0 
10.22,-11.1,-2.1 ,1.5 
10.24,20.5,-37.4 ,7.6 
10.26,51.9,-8.1 ,-4.7 
10.28,85.4,8.8 ,-23.9 
10.3,114.4,36.3 ,-18.2 
10.32,73.3,74.6 ,-4.6 
10.34,23.7,46.8 ,15.7 
10.36,-36.8,-38.5 ,1.4 
10.38,-27.1,-3.5 ,12.2 
10.4,-21.7,-24.4 ,21.9 
10.42,-87.3,-3.5 ,56.2 
10.44,-97.3,-23.8 ,-10.0 
10.46,-58.9,-42.7 ,-49.9 
10.48,-33.6,-28.1 ,26.2 
10.5,7.7,-24.3 ,1.9 
10.52,25.9,-13.8 ,-31.4 
10.54,50.8,-2.1 ,1.2 
10.56,36.1,4.6 ,24.2 
10.58,8.1,-8.9 ,9.8 
10.6,-5.6,-22.3 ,-23.6 
10.62,-20.9,-41.8 ,-19.2 
10.64,-31.7,-64.3 ,12.9 
10.66,-23.8,-47.1 ,31.8 
10.68,-37.6,-10.9 ,-31.8 
10.7,-55,32.0 ,-34.3 
10.72,-72.2,60.7 ,8.4 
10.74,-80.3,12.5 ,9.3 
10.76,-52.3,17.4 ,30.3 
10.78,-34,-28.0 ,24.9 
10.8,-1.1,4.0 ,-12.6 
10.82,6.5,29.7 ,-14.9 
10.84,-3.7,50.5 ,8.1 
10.86,-0.5,42.4 ,5.3 
10.88,-16.8,9.3 ,2.2 
10.9,-41,-22.2 ,2.6 
10.92,-8,-35.2 ,1.6 
10.94,7.9,-6.2 ,2.5 
10.96,37.4,26.7 ,31.2 
10.98,61.5,79.1 ,0.8 
11,66.5,70.9 ,-26.4 
11.02,25.4,51.9 ,-10.9 
11.04,-5.7,31.8 ,-32.8 
11.06,-47.4,7.2 ,-17.8 
11.08,-35.6,-14.2 ,12.7 
11.1,-24.3,-58.4 ,40.3 
11.12,-4.8,-100.8 ,17.7 
11.14,12.6,-138.4 ,-15.3 
11.16,37.9,-132.6 ,-45.6 
11.18,24.1,-117.5 ,-26.8 
11.2,-22.7,-70.7 ,11.2 
11.22,-42.8,-63.0 ,10.5 
11.24,-67.9,-75.2 ,-11.8 
11.26,-66.1,-57.4 ,7.7 
11.28,-59,-30.3 ,12.2 
11.3,-51.3,-6.6 ,11.5 
11.32,-40.8,38.5 ,-10.7 
11.34,-30.9,84.2 ,-5.8 
11.36,-26.6,123.0 ,25.2 
11.38,-54.1,144.2 ,37.8 
11.4,-62.8,170.2 ,3.2 
11.42,-90.8,189.9 ,-16.2 
11.44,-110.7,210.1 ,41.0 
11.46,-88.1,198.4 ,24.5 
11.48,-77,182.6 ,-25.7 
11.5,-58.2,165.2 ,97.3 
11.52,-47.3,144.7 ,49.1 
11.54,-33.3,123.0 ,21.7 
11.56,-19.9,117.0 ,-10.9 
11.58,2,120.2 ,-48.7 
11.6,21.1,71.4 ,-61.5 
11.62,43.2,38.5 ,-42.1 
11.64,61.3,-8.5 ,-34.9 
11.66,76.7,-49.9 ,-37.7 
11.68,93.3,-93.2 ,-45.2 
11.7,106.6,-134.3 ,-41.5 
11.72,113,-165.6 ,-41.5 
11.74,118.7,-85.1 ,-36.3 
11.76,124.7,-45.3 ,-35.6 
11.78,133.4,-2.8 ,-27.6 
11.8,159.4,48.8 ,-27.2 
11.82,179.7,39.4 ,-5.6 
11.84,203.7,7.0 ,16.5 
11.86,123.6,-40.6 ,2.1 
11.88,44.2,-102.5 ,52.2 
11.9,-14,-119.7 ,24.6 
11.92,-66.6,-137.2 ,-0.9 
11.94,-55.5,-138.5 ,-8.8 
11.96,-69.3,-144.5 ,2.8 
11.98,-98.4,-111.5 ,3.0 
12,-124.6,-78.3 ,1.8 
12.02,-117.9,-36.2 ,19.3 
12.04,-105,-24.6 ,32.7 
12.06,-92,-54.4 ,52.8 
12.08,-74.3,-69.8 ,51.5 
12.1,-80.9,-92.0 ,25.3 
12.12,-85,-96.6 ,-6.6 
12.14,-86,-83.4 ,-6.4 
12.16,-86.3,-72.4 ,6.9 
12.18,-87.3,-56.8 ,6.1 
12.2,-86.8,-41.1 ,10.6 
12.22,-88.5,-25.9 ,5.0 
12.24,-53.7,-3.7 ,2.5 
12.26,5.2,22.6 ,3.2 
12.28,21.5,41.3 ,-5.3 
12.3,24.5,55.6 ,8.8 
12.32,58,73.3 ,15.3 
12.34,31.4,61.7 ,-23.2 
12.36,23.6,36.1 ,-1.5 
12.38,48.5,30.9 ,20.9 
12.4,58.9,25.2 ,18.5 
12.42,52.5,9.2 ,3.6 
12.44,35.5,-4.6 ,33.8 
12.46,19.7,-18.8 ,26.6 
12.48,19.9,-21.0 ,8.8 
12.5,49.2,-24.5 ,-16.0 
12.52,34.3,-25.1 ,0.0 
12.54,28.8,-27.3 ,32.4 
12.56,43.2,-21.0 ,-7.5 
12.58,23.9,-6.7 ,-10.5 
12.6,8.8,7.7 ,22.6 
12.62,7.7,20.2 ,18.4 
12.64,-14.8,12.5 ,-35.4 
12.66,-7.7,5.0 ,-21.0 
12.68,-1.9,-3.1 ,15.5 
12.7,7.5,-12.6 ,24.2 
12.72,4.4,41.6 ,-15.7 
12.74,-14.5,70.0 ,-11.7 
12.76,-31.6,56.8 ,-10.9 
12.78,-24.1,55.9 ,-19.6 
12.8,-2.8,42.2 ,-22.8 
12.82,18.2,32.7 ,5.2 
12.84,42.6,20.3 ,24.1 
12.86,43.9,13.0 ,10.4 
12.88,51.2,12.5 ,16.7 
12.9,46.6,8.9 ,21.1 
12.92,47.9,-11.5 ,25.2 
12.94,19.3,-6.8 ,20.8 
12.96,22.2,9.7 ,28.9 
12.98,27.4,-6.3 ,-15.1 
13,39.3,-16.8 ,-16.8 
13.02,50.4,-42.6 ,41.0 
13.04,57.7,-29.8 ,0.2 
13.06,58.8,-9.6 ,-15.9 
13.08,82.2,9.4 ,-24.2 
13.1,79.7,39.3 ,-11.9 
13.12,94.9,40.5 ,-14.9 
13.14,34.5,20.2 ,-14.9 
13.16,4.5,5.0 ,-14.0 
13.18,-12.3,-25.7 ,-0.5 
13.2,-34.7,-37.7 ,3.3 
13.22,-42.6,-30.7 ,6.4 
13.24,-41.6,-26.4 ,5.1 
13.26,-27.5,-16.8 ,-10.6 
13.28,-27,-7.8 ,-33.7 
13.3,7.4,4.5 ,-12.2 
13.32,42.8,18.1 ,7.3 
13.34,-23.1,3.6 ,46.4 
13.36,-38.7,-13.8 ,38.7 
13.38,-8.3,-29.0 ,-10.3 
13.4,13.9,-48.8 ,-15.8 
13.42,44.5,-40.8 ,-17.5 
13.44,2.7,-23.9 ,-16.2 
13.46,-69.7,-6.1 ,-19.7 
13.48,-79.6,0.5 ,9.1 
13.5,-25.1,-15.9 ,32.5 
13.52,-13.5,-26.4 ,50.5 
13.54,7.9,-39.8 ,-37.9 
13.56,-11.5,-29.1 ,-9.8 
13.58,-25.1,-23.7 ,42.8 
13.6,-33.3,-9.9 ,38.6 
13.62,-26.9,3.1 ,-14.3 
13.64,-30.1,16.7 ,-11.4 
13.66,-20,30.8 ,-1.3 
13.68,-6.7,43.0 ,10.8 
13.7,-3.8,59.4 ,6.7 
13.72,10.5,53.7 ,-3.1 
13.74,29.6,17.5 ,-7.4 
13.76,34.4,-4.4 ,-21.3 
13.78,95.7,-24.4 ,-24.7 
13.8,89.8,-42.8 ,-22.6 
13.82,17.9,31.4 ,-18.5 
13.84,-36.2,50.5 ,12.0 
13.86,-99.4,23.7 ,-1.3 
13.88,-80.7,26.5 ,-10.7 
13.9,-74.4,-15.7 ,-4.1 
13.92,-53.9,-34.2 ,-1.1 
13.94,-33,-22.3 ,1.8 
13.96,-12.8,-25.6 ,-1.2 
13.98,3.1,-38.6 ,-31.1 
14,14.8,-36.1 ,-36.7 
14.02,50.8,2.0 ,-45.1 
14.04,-2.2,39.3 ,-45.4 
14.06,-48.9,73.8 ,-55.4 
14.08,-35.8,102.8 ,-11.9 
14.1,-69.1,110.0 ,19.2 
14.12,-51.6,56.6 ,-0.7 
14.14,-37.1,25.5 ,7.0 
14.16,8.8,-14.9 ,-10.4 
14.18,63.2,-37.9 ,-13.3 
14.2,84.1,-18.1 ,-4.2 
14.22,127.6,-4.8 ,-14.0 
14.24,138.8,25.1 ,-30.2 
14.26,119.3,21.1 ,-21.7 
14.28,75.1,-2.1 ,-9.1 
14.3,22.5,-20.7 ,-4.1 
14.32,-8.8,-49.6 ,16.2 
14.34,-22.7,-68.3 ,33.7 
14.36,7.4,-43.0 ,8.2 
14.38,18.1,-14.7 ,-16.7 
14.4,54.4,2.0 ,-21.6 
14.42,39.9,29.9 ,7.9 
14.44,4.5,72.5 ,6.7 
14.46,-8.2,92.8 ,4.8 
14.48,-18.5,5.5 ,8.7 
14.5,-2,-56.8 ,10.2 
14.52,0.6,-81.9 ,9.1 
14.54,-11.7,-68.8 ,13.5 
14.56,-21,-46.0 ,2.7 
14.58,-30.3,-17.8 ,-2.6 
14.6,-51.2,11.9 ,11.3 
14.62,-72.7,37.6 ,21.3 
14.64,-57.9,59.6 ,18.0 
14.66,-26.6,51.8 ,-5.7 
14.68,-17.8,20.5 ,3.3 
14.7,4,5.8 ,22.9 
14.72,9.8,-42.2 ,23.7 
14.74,13.7,-39.1 ,11.2 
14.76,22.1,-33.9 ,-13.9 
14.78,43.7,-50.1 ,-27.5 
14.8,9.1,-37.7 ,-2.2 
14.82,-54.8,-31.0 ,4.2 
14.84,-55.5,-27.4 ,18.6 
14.86,-24.3,-35.8 ,22.3 
14.88,-8.1,-32.9 ,21.0 
14.9,25,-16.8 ,8.7 
14.92,41,3.5 ,17.7 
14.94,18.2,22.9 ,12.8 
14.96,-2.7,66.6 ,-6.1 
14.98,-24.3,75.4 ,-17.1 
15,-1.5,43.9 ,-10.5 
15.02,24.7,23.3 ,4.9 
15.04,48.2,-0.7 ,-2.5 
15.06,78.3,-29.3 ,-10.7 
15.08,62.2,-49.4 ,-5.6 
15.1,33.1,-31.5 ,-11.9 
15.12,-1.4,-22.6 ,-3.0 
15.14,-19.5,-4.1 ,10.7 
15.16,-24.7,6.9 ,10.3 
15.18,-21.2,-3.5 ,-1.6 
15.2,-11,-17.6 ,-14.4 
15.22,5,-17.0 ,-7.9 
15.24,24.1,-4.7 ,24.5 
15.26,-3.4,7.6 ,19.1 
15.28,-21.6,33.5 ,-8.7 
15.3,-47.1,42.9 ,-24.1 
15.32,-36.3,30.9 ,-15.6 
15.34,-19.5,23.5 ,-12.2 
15.36,-1.8,7.1 ,22.1 
15.38,17,9.6 ,9.0 
15.4,-8,37.8 ,14.3 
15.42,0.5,45.9 ,19.3 
15.44,23,50.1 ,19.4 
15.46,37.4,36.6 ,1.1 
15.48,60.1,30.3 ,-7.7 
15.5,51.6,18.0 ,-14.2 
15.52,43.2,22.5 ,-13.0 
15.54,34.4,22.4 ,-5.9 
15.56,50.5,27.3 ,0.5 
15.58,65.3,23.8 ,-7.7 
15.6,68.3,16.0 ,-1.5 
15.62,17.2,9.7 ,-3.2 
15.64,-17,3.6 ,13.9 
15.66,-52.7,-3.5 ,9.5 
15.68,-66.4,-2.1 ,-17.3 
15.7,-38.7,4.4 ,6.3 
15.72,-22.2,18.6 ,31.7 
15.74,-3.3,36.4 ,13.8 
15.76,11.9,46.2 ,15.3 
15.78,-12.8,57.3 ,10.3 
15.8,-35.1,70.7 ,15.7 
15.82,-51.4,61.0 ,16.5 
15.84,-33.5,24.9 ,7.0 
15.86,-21.8,7.5 ,3.5 
15.88,-1.2,5.7 ,-16.8 
15.9,14.2,5.0 ,-16.3 
15.92,7,6.4 ,-17.9 
15.94,-6.3,-1.7 ,10.9 
15.96,-12,-30.2 ,20.6 
15.98,-32.2,-54.8 ,12.3 
16,-34.6,-49.0 ,-14.2 
16.02,-9.1,-47.1 ,-9.8 
16.04,7.3,-33.8 ,-4.7 
16.06,30.9,-22.3 ,-12.7 
16.08,47.2,-7.6 ,-21.9 
16.1,60.3,3.7 ,-16.4 
16.12,57.6,18.7 ,2.9 
16.14,33,28.9 ,12.0 
16.16,-7.3,41.6 ,21.0 
16.18,-77.7,49.4 ,12.6 
16.2,-60.8,63.6 ,-4.5 
16.22,-43.8,48.5 ,-7.9 
16.24,-20.9,24.0 ,-18.3 
16.26,3.1,6.2 ,-5.2 
16.28,35,-22.1 ,5.1 
16.3,29.3,-24.8 ,-8.4 
16.32,12.1,10.2 ,-19.9 
16.34,33.8,-6.9 ,-18.5 
16.36,31.7,-16.3 ,4.5 
16.38,25.4,-29.2 ,11.2 
16.4,20.6,-44.2 ,-8.9 
16.42,19.8,-53.5 ,-20.5 
16.44,17.4,-37.2 ,-3.4 
16.46,2.1,-17.9 ,34.1 
16.48,-14.4,5.5 ,44.5 
16.5,-34.3,35.3 ,5.9 
16.52,-33.9,41.5 ,-5.8 
16.54,-14.5,33.1 ,0.9 
16.56,-2.8,30.4 ,-9.3 
16.58,17,19.0 ,-15.7 
16.6,-9.6,12.2 ,-21.6 
16.62,-25.5,1.5 ,-17.5 
16.64,-27.9,-5.0 ,-5.8 
16.66,-38.8,-20.7 ,10.3 
16.68,-24.2,-29.8 ,-22.1 
16.7,-21.5,-35.9 ,-25.9 
16.72,-18.2,-43.9 ,-21.9 
16.74,-17.4,-48.3 ,-17.7 
16.76,-3.8,-44.8 ,-7.2 
16.78,-2.7,-42.2 ,36.4 
16.8,-18.5,-37.7 ,43.0 
16.82,-12.3,-32.7 ,31.2 
16.84,8.7,-27.2 ,6.2 
16.86,34.3,-22.5 ,0.0 
16.88,69.5,-16.5 ,-5.8 
16.9,91,-12.5 ,-13.9 
16.92,85.3,-11.5 ,1.0 
16.94,76,-12.2 ,21.1 
16.96,51.3,-11.3 ,-10.9 
16.98,18.6,-11.8 ,-3.8 
17,1.5,-0.3 ,-5.2 
17.02,-19,8.2 ,-18.3 
17.04,-15.1,25.7 ,11.9 
17.06,-7.3,36.7 ,5.7 
17.08,2.1,52.4 ,-25.2 
17.1,12.9,-11.1 ,-7.9 
17.12,21.5,-30.6 ,8.7 
17.14,2.4,-26.5 ,32.8 
17.16,-12.4,-32.1 ,23.6 
17.18,-32.9,-15.9 ,-18.1 
17.2,-51.9,-5.0 ,7.1 
17.22,-70.8,8.8 ,24.1 
17.24,-57.9,1.6 ,-1.4 
17.26,-46.2,-4.4 ,-20.7 
17.28,-30.7,-15.3 ,-15.7 
17.3,-14.5,-23.0 ,4.3 
17.32,-0.9,-17.8 ,7.7 
17.34,-18,-15.1 ,9.7 
17.36,-31.8,-9.1 ,5.1 
17.38,-46.5,-3.8 ,-2.3 
17.4,-39.1,2.6 ,0.7 
17.42,-34.5,5.7 ,1.1 
17.44,-31.6,-0.4 ,-0.7 
17.46,-43.5,-5.8 ,-5.5 
17.48,-49.1,-12.2 ,-9.3 
17.5,-47.5,-7.0 ,-9.7 
17.52,-42,22.1 ,-4.8 
17.54,-36.1,46.0 ,-5.1 
17.56,-27.7,80.5 ,-21.2 
17.58,-25.8,83.1 ,-28.2 
17.6,-13.9,46.2 ,-16.3 
17.62,-6.8,22.8 ,20.3 
17.64,50.7,-9.1 ,1.2 
17.66,72.2,-34.5 ,-2.8 
17.68,87.8,-59.1 ,11.7 
17.7,78.2,-77.9 ,26.9 
17.72,76.5,-85.3 ,5.8 
17.74,43.9,-74.0 ,-7.5 
17.76,8,-64.6 ,-3.7 
17.78,1.3,-63.0 ,0.1 
17.8,-12.6,-57.7 ,3.7 
17.82,-1.5,-39.0 ,10.2 
17.84,3,-24.8 ,4.9 
17.86,10.4,-12.5 ,7.1 
17.88,10.4,-18.4 ,-0.1 
17.9,19.3,-13.4 ,-11.4 
17.92,20.5,-2.8 ,4.0 
17.94,7.4,18.7 ,15.9 
17.96,-5.6,16.8 ,-9.7 
17.98,-7.2,3.7 ,-21.9 
18,7,-6.9 ,5.0 
18.02,10.6,-8.1 ,4.1 
18.04,14.7,0.8 ,-5.1 
18.06,-0.9,3.7 ,-3.9 
18.08,-15.9,11.9 ,13.6 
18.1,-18.7,17.5 ,4.6 
18.12,-0.7,24.5 ,-12.0 
18.14,15.5,30.3 ,8.2 
18.16,10.5,36.7 ,16.7 
18.18,-11.5,41.5 ,8.3 
18.2,-30.2,39.0 ,-1.7 
18.22,-30.9,36.1 ,-3.6 
18.24,-9.5,33.4 ,-21.3 
18.26,-5.8,26.0 ,-25.0 
18.28,0.4,14.1 ,25.0 
18.3,2,2.2 ,33.6 
18.32,5,-10.2 ,21.7 
18.34,5.7,-18.8 ,14.4 
18.36,9.7,-7.3 ,7.1 
18.38,13.4,5.8 ,10.9 
18.4,17.7,28.3 ,8.1 
18.42,21.8,30.1 ,3.6 
18.44,26.1,14.8 ,-3.7 
18.46,30.2,3.3 ,-5.8 
18.48,34.6,-17.3 ,-11.1 
18.5,38.6,-24.3 ,-18.6 
18.52,47.4,-22.6 ,-20.7 
18.54,39.3,-20.6 ,-19.4 
18.56,23.8,-14.6 ,-21.6 
18.58,11.5,-0.5 ,0.4 
18.6,-7.9,13.4 ,24.3 
18.62,-12.4,27.6 ,-17.6 
18.64,5.4,43.1 ,-10.8 
18.66,2.7,48.4 ,-6.2 
18.68,-25,54.6 ,17.1 
18.7,-56.6,57.6 ,18.2 
18.72,-63,64.0 ,-33.4 
18.74,-59.1,50.3 ,-18.9 
18.76,-41.3,23.0 ,13.3 
18.78,-6.8,0.8 ,5.6 
18.8,27.2,-28.0 ,1.9 
18.82,27.7,-53.3 ,-2.7 
18.84,-2.1,-81.3 ,22.9 
18.86,-6,-94.1 ,37.0 
18.88,-11,-76.1 ,21.5 
18.9,-22.1,-62.9 ,4.6 
18.92,-41.6,-36.2 ,-4.5 
18.94,-51.9,-7.1 ,4.8 
18.96,-22.2,5.6 ,10.1 
18.98,3,4.0 ,11.0 
19,7.9,6.9 ,6.0 
19.02,13.9,5.5 ,1.2 
19.04,17.1,7.1 ,-28.8 
19.06,25.3,-8.0 ,-24.7 
19.08,32.3,-9.1 ,-7.0 
19.1,39.1,-10.3 ,10.6 
19.12,16.4,-25.8 ,9.9 
19.14,-13.6,-36.4 ,4.7 
19.16,-32.3,-48.1 ,5.5 
19.18,-29.1,-54.4 ,2.4 
19.2,-28.7,-31.7 ,9.2 
19.22,-30.4,-9.4 ,18.2 
19.24,-33.9,0.5 ,9.0 
19.26,-24.5,-6.2 ,-6.3 
19.28,-7.6,-10.7 ,-14.2 
19.3,12.5,-21.3 ,11.7 
19.32,37.6,-5.7 ,6.7 
19.34,40.2,5.7 ,-21.0 
19.36,24.5,20.0 ,-32.3 
19.38,15.6,31.1 ,-13.3 
19.4,-4,44.2 ,9.4 
19.42,-15.3,45.0 ,14.9 
19.44,-28.9,50.3 ,7.6 
19.46,-31.6,53.6 ,11.1 
19.48,-11.1,46.0 ,9.6 
19.5,9.4,33.8 ,8.8 
19.52,33.5,23.2 ,10.8 
19.54,57.6,8.1 ,14.6 
19.56,42.4,-5.4 ,-3.1 
19.58,14.3,-20.2 ,-12.5 
19.6,-0.7,-31.8 ,5.6 
19.62,-13.5,-44.8 ,0.4 
19.64,-27,-56.7 ,-7.2 
19.66,-34.1,-65.2 ,2.4 
19.68,-35.7,-52.4 ,8.0 
19.7,-39.6,-41.4 ,12.7 
19.72,-40.2,-25.1 ,1.9 
19.74,-48.8,-8.7 ,-6.1 
19.76,-48,10.7 ,7.1 
19.78,-40.6,29.9 ,10.8 
19.8,-40.7,48.2 ,1.3 
19.82,-35.1,67.1 ,4.5 
19.84,-18.7,71.5 ,16.9 
19.86,-5.7,48.9 ,19.9 
19.88,4.4,37.1 ,10.2 
19.9,-1.9,16.5 ,2.0 
19.92,-7.2,-4.9 ,3.0 
19.94,-16.9,-25.2 ,5.9 
19.96,-11.5,-53.1 ,7.6 
19.98,12.6,-65.2 ,6.5 
20,35.8,-43.2 ,12.6 
20.02,65.4,-30.8 ,4.4 
20.04,71.6,-9.4 ,-4.5 
20.06,76.2,5.1 ,-5.1 
20.08,73.9,24.2 ,-6.2 
20.1,62.8,39.1 ,-10.3 
20.12,48.4,55.1 ,-10.0 
20.14,26.4,41.2 ,-9.9 
20.16,-4.4,26.2 ,-3.8 
20.18,-28.8,5.8 ,2.6 
20.2,-38.4,-13.6 ,6.9 
20.22,-49.2,-28.7 ,8.2 
20.24,-42.8,-31.7 ,6.2 
20.26,-41.6,-25.7 ,4.0 
20.28,-27.6,-14.6 ,-0.8 
20.3,-5.2,-0.7 ,5.0 
20.32,23.7,17.5 ,12.5 
20.34,42.6,39.8 ,6.2 
20.36,60.4,56.5 ,-1.5 
20.38,45.2,72.2 ,-16.9 
20.4,28.4,81.2 ,-19.9 
20.42,12.6,78.4 ,-24.5 
20.44,-5.4,84.3 ,-21.9 
20.46,-27.5,68.0 ,-24.1 
20.48,-42.3,51.1 ,-27.9 
20.5,-17.5,34.0 ,-21.4 
20.52,0.1,14.7 ,-5.3 
20.54,25.4,-3.3 ,11.7 
20.56,48.1,-22.8 ,-5.5 
20.58,64.1,-41.0 ,-2.9 
20.6,55.4,-58.0 ,-0.6 
20.62,41.3,-38.6 ,6.9 
20.64,18.4,-45.3 ,2.2 
20.66,-4.8,-57.1 ,-8.9 
20.68,-30.3,-66.8 ,-0.7 
20.7,-53.1,-79.0 ,8.0 
20.72,-70.8,-94.8 ,-3.1 
20.74,-92.8,-91.2 ,-7.8 
20.76,-86.3,-63.4 ,-25.9 
20.78,-63.1,-26.2 ,-12.2 
20.8,-37.6,23.9 ,-6.7 
20.82,8.7,84.7 ,-13.3 
20.84,30.9,91.3 ,-14.2 
20.86,58.9,73.5 ,-11.4 
20.88,61.4,61.5 ,-9.3 
20.9,38.5,36.3 ,1.6 
20.92,35.1,15.1 ,-2.3 
20.94,31.1,-11.8 ,3.6 
20.96,24.6,-31.9 ,7.5 
20.98,1.9,-21.7 ,-2.6 
21,-19.8,-16.6 ,-17.3 
21.02,-15.8,-5.1 ,-8.3 
21.04,-1.5,-8.6 ,3.4 
21.06,9.9,-9.9 ,6.8 
21.08,28.6,-16.4 ,20.0 
21.1,40.8,-2.8 ,2.8 
21.12,56.3,17.6 ,-5.4 
21.14,53.1,38.6 ,-11.2 
21.16,31.4,46.3 ,-3.5 
21.18,16.5,36.2 ,-4.5 
21.2,-2.4,28.4 ,-3.8 
21.22,-18.9,16.0 ,-5.4 
21.24,-27.6,1.5 ,-7.0 
21.26,-37.1,-14.5 ,-8.2 
21.28,-45,-30.0 ,5.8 
21.3,-53.4,-46.6 ,18.8 
21.32,-48.3,-57.8 ,14.6 
21.34,-37.9,-50.3 ,5.2 
21.36,-29.6,-45.3 ,10.4 
21.38,-19.6,-36.7 ,19.8 
21.4,-18.4,-27.3 ,15.3 
21.42,-15.9,-21.8 ,1.9 
21.44,-11.9,-34.5 ,-8.5 
21.46,-5.3,-36.6 ,-4.5 
21.48,0.2,-47.3 ,-6.2 
21.5,5.9,-49.1 ,-11.6 
21.52,-2.3,-29.9 ,-9.8 
21.54,-11.2,-11.2 ,-9.4 
21.56,-20.5,8.1 ,-2.4 
21.58,-32.2,30.8 ,3.4 
21.6,-38.8,21.2 ,1.0 
21.62,-34.1,2.5 ,9.6 
21.64,-28.7,-13.8 ,19.0 
21.66,-32.8,-38.0 ,7.6 
21.68,-40.7,-45.9 ,8.5 
21.7,-48.7,-33.9 ,0.9 
21.72,-56.3,-24.5 ,1.7 
21.74,-64.4,-7.9 ,0.3 
21.76,-55.5,7.4 ,-5.0 
21.78,-44.6,22.4 ,-9.6 
21.8,-0.8,33.8 ,-8.1 
21.82,25.3,41.3 ,-2.0 
21.84,41.1,28.4 ,1.7 
21.86,64.4,27.0 ,-4.1 
21.88,57.9,18.9 ,-9.5 
21.9,47.4,13.3 ,-16.0 
21.92,38.4,6.7 ,-11.7 
21.94,38.5,0.2 ,-12.4 
21.96,34,-9.4 ,-12.3 
21.98,35.7,-17.9 ,3.1 
22,0.8,-27.5 ,19.2 
22.02,-25.4,-35.8 ,20.1 
22.04,-46,-27.8 ,7.8 
22.06,-47.1,-16.3 ,0.8 
22.08,-22.2,-5.4 ,4.9 
22.1,-6.5,9.5 ,11.2 
22.12,16.4,16.6 ,7.0 
22.14,35.5,20.1 ,-0.9 
22.16,50.4,30.2 ,-7.1 
22.18,37.1,37.0 ,-1.9 
22.2,28,45.4 ,-10.8 
22.22,15.8,35.4 ,-17.6 
22.24,4.1,21.7 ,-6.7 
22.26,-2.7,7.3 ,10.0 
22.28,2.1,-6.6 ,20.5 
22.3,4.4,5.2 ,28.3 
22.32,9.9,16.7 ,18.2 
22.34,13.5,29.3 ,9.1 
22.36,9.4,47.7 ,14.8 
22.38,5.8,33.5 ,6.4 
22.4,2.2,0.1 ,10.3 
22.42,-3.1,-13.4 ,9.7 
22.44,-3.1,-37.9 ,3.9 
22.46,0.4,-65.8 ,-1.5 
22.48,-2.5,-67.3 ,-0.9 
22.5,-12.4,-32.9 ,-8.3 
22.52,-23.5,-16.5 ,-18.9 
22.54,-40.6,14.8 ,-11.8 
22.56,-53,42.8 ,-5.4 
22.58,-70.1,71.1 ,9.5 
22.6,-32.3,51.9 ,23.6 
22.62,-5.2,35.6 ,9.0 
22.64,9.4,5.1 ,7.4 
22.66,32.8,-43.6 ,6.1 
22.68,47.8,-51.4 ,2.2 
22.7,50.9,-46.9 ,-2.0 
22.72,35.8,-40.2 ,-3.0 
22.74,34.2,-22.3 ,-6.9 
22.76,30.6,-10.7 ,-4.6 
22.78,28.5,3.6 ,-7.6 
22.8,26.3,15.7 ,-5.9 
22.82,16.8,27.7 ,-4.0 
22.84,-0.5,18.9 ,3.6 
22.86,-21.2,11.6 ,1.7 
22.88,-36.5,0.2 ,-7.0 
22.9,-31,-10.9 ,-7.1 
22.92,-29.7,-24.1 ,-3.4 
22.94,-28,-34.0 ,-3.5 
22.96,-23.7,-47.7 ,-7.4 
22.98,-26.6,-38.5 ,-5.3 
23,-30.8,-19.6 ,4.8 
23.02,-36.6,-8.5 ,-5.0 
23.04,-35.7,8.5 ,5.9 
23.06,-30.8,20.3 ,14.4 
23.08,-19.3,35.4 ,19.6 
23.1,1.9,41.6 ,21.6 
23.12,19.6,34.7 ,10.0 
23.14,16,26.7 ,-3.2 
23.16,12.9,13.9 ,-10.7 
23.18,14,0.9 ,-20.0 
23.2,11,-13.1 ,-10.4 
23.22,10.8,-29.3 ,-3.3 
23.24,9.2,-31.8 ,-7.8 
23.26,8.9,-19.8 ,-10.0 
23.28,1.9,-13.9 ,-0.3 
23.3,-13.1,-3.4 ,9.5 
23.32,-24.7,6.4 ,6.5 
23.34,-43.6,7.9 ,7.5 
23.36,-43.2,-1.1 ,19.2 
23.38,-30,5.3 ,21.2 
23.4,-19.2,11.6 ,-0.1 
23.42,-4.8,19.5 ,-17.4 
23.44,9.7,18.6 ,-19.2 
23.46,16.8,13.9 ,2.9 
23.48,14.8,17.1 ,3.7 
23.5,17.3,20.8 ,-6.8 
23.52,7.8,14.6 ,-13.7 
23.54,-5.8,8.5 ,-3.0 
23.56,-21.5,1.3 ,11.3 
23.58,-23.4,-6.6 ,22.0 
23.6,6,-14.5 ,9.4 
23.62,26.2,-22.9 ,12.1 
23.64,26.9,-31.3 ,9.5 
23.66,8.4,-40.1 ,5.5 
23.68,-4.1,-47.9 ,-1.7 
23.7,-22.7,-58.8 ,-8.3 
23.72,-7.6,-67.6 ,0.5 
23.74,3.1,-54.8 ,-14.0 
23.76,18.2,-41.3 ,-26.0 
23.78,31,-20.7 ,-24.4 
23.8,47.9,-0.5 ,-0.5 
23.82,45.9,22.0 ,12.4 
23.84,16.6,45.9 ,4.0 
23.86,-5.8,68.0 ,2.2 
23.88,-39.6,93.3 ,1.1 
23.9,-44.4,92.5 ,-0.1 
23.92,-24.1,79.7 ,-3.7 
23.94,-10.1,64.7 ,-7.6 
23.96,21.7,37.1 ,-9.5 
23.98,26.1,15.3 ,-9.9 
24,12.1,-14.3 ,-10.5 
24.02,0.8,-29.0 ,-6.4 
24.04,-16.8,-1.6 ,-4.0 
24.06,-38.2,24.3 ,-3.0 
24.08,-56.6,48.4 ,7.1 
24.1,-78.1,72.8 ,13.9 
24.12,-61.9,43.7 ,21.7 
24.14,-25.6,15.2 ,25.6 
24.16,4.4,-18.8 ,21.3 
24.18,45.6,-50.8 ,11.7 
24.2,78.3,-83.0 ,0.4 
24.22,110.3,-76.7 ,-11.6 
24.24,95.3,-61.8 ,-7.6 
24.26,48.9,-46.8 ,-9.3 
24.28,12.2,-26.3 ,-15.5 
24.3,-38.7,2.3 ,-19.9 
24.32,-84.6,38.4 ,-17.0 
24.34,-122.6,71.4 ,-13.3 
24.36,-86.4,99.1 ,-1.5 
24.38,-61.6,68.4 ,11.7 
24.4,-22.8,-17.9 ,18.4 
24.42,15,-75.7 ,17.8 
24.44,47.7,-58.4 ,-0.3 
24.46,32.3,-51.7 ,-14.2 
24.48,24.8,-29.3 ,-12.5 
24.5,9.5,-6.8 ,-3.1 
24.52,22.7,15.0 ,-6.6 
24.54,33.8,39.3 ,1.3 
24.56,50.5,61.5 ,-3.4 
24.58,59.4,86.9 ,4.4 
24.6,51.9,82.3 ,9.0 
24.62,55.2,61.7 ,18.8 
24.64,59.5,46.2 ,21.6 
24.66,61.7,20.7 ,6.7 
24.68,59.3,-7.6 ,-5.9 
24.7,46.6,-34.4 ,-14.2 
24.72,15.8,-58.6 ,-17.2 
24.74,-7.7,-84.6 ,-20.0 
24.76,-23,-108.1 ,-17.2 
24.78,-30.3,-117.6 ,-6.7 
24.8,-32.9,-98.9 ,3.2 
24.82,-36.4,-85.5 ,2.9 
24.84,-49,-65.6 ,-17.3 
24.86,-66,-46.5 ,-6.3 
24.88,-72.3,-25.7 ,-1.2 
24.9,-78.4,-4.7 ,-1.5 
24.92,-84.6,16.6 ,-2.2 
24.94,-56.6,37.9 ,-5.3 
24.96,-20.9,59.3 ,-10.9 
24.98,12.8,79.2 ,-16.2 
25,38.1,96.2 ,-17.4 
25.02,48.8,114.7 ,-10.8 
25.04,36.3,131.0 ,-4.9 
25.06,25,148.7 ,5.8 
25.08,15.8,135.8 ,5.4 
25.1,37.7,113.3 ,18.8 
25.12,59.4,90.5 ,31.1 
25.14,63,56.6 ,30.3 
25.16,37,26.6 ,8.0 
25.18,21.7,-7.0 ,8.5 
25.2,4,-43.9 ,-0.9 
25.22,2.3,-72.9 ,-3.4 
25.24,-6.2,-46.0 ,-13.5 
25.26,-28.6,-15.7 ,-4.1 
25.28,-38,20.3 ,-3.5 
25.3,-45.7,57.1 ,-11.6 
25.32,-50.5,90.5 ,-14.6 
25.34,-77.7,62.8 ,-11.7 
25.36,-62.8,30.8 ,-4.1 
25.38,-18.9,-7.0 ,-5.0 
25.4,18.9,-41.4 ,-10.8 
25.42,50.9,-25.9 ,-15.8 
25.44,74.4,-17.1 ,-12.5 
25.46,74.9,5.5 ,-11.5 
25.48,56.2,29.4 ,-15.7 
25.5,45.5,51.5 ,-7.5 
25.52,52.5,76.5 ,9.2 
25.54,63.5,87.2 ,12.4 
25.56,73.1,72.8 ,7.1 
25.58,85.1,63.0 ,19.5 
25.6,92.7,43.2 ,17.3 
25.62,97.5,19.1 ,3.3 
25.64,92.9,-3.6 ,-3.1 
25.66,81.4,-27.7 ,-14.7 
25.68,26.4,-31.7 ,-6.8 
25.7,-28.9,-33.9 ,4.9 
25.72,-90.1,-36.6 ,-11.2 
25.74,-136.4,-41.0 ,-35.6 
25.76,-85.9,-39.5 ,-15.1 
25.78,-46.8,-41.8 ,-0.2 
25.8,8.1,8.9 ,26.7 
25.82,59.4,48.9 ,45.6 
25.84,82.3,95.5 ,17.0 
25.86,55.6,115.0 ,6.3 
25.88,30.1,89.2 ,7.2 
25.9,-1.1,70.0 ,-2.4 
25.92,-38,39.2 ,2.7 
25.94,-34.7,8.0 ,-0.2 
25.96,-2,-28.9 ,-3.5 
25.98,18,-60.0 ,-9.7 
26,63.3,-51.5 ,-13.7 
26.02,101.3,-49.2 ,-6.1 
26.04,112.2,-40.0 ,-4.8 
26.06,110.7,-30.8 ,5.5 
26.08,94,-20.0 ,8.7 
26.1,80.5,-12.3 ,5.2 
26.12,60.8,-4.2 ,0.0 
26.14,50.8,-16.3 ,-6.1 
26.16,20.6,-45.3 ,0.5 
26.18,-20.1,-69.8 ,1.0 
26.2,-57.2,-85.2 ,-6.3 
26.22,-102.1,-88.9 ,-5.0 
26.24,-133.2,-82.9 ,5.6 
26.26,-122.5,-71.7 ,2.0 
26.28,-120.7,-52.9 ,14.8 
26.3,-100.6,-23.8 ,22.4 
26.32,-76.2,-1.3 ,21.5 
26.34,-54.8,11.9 ,13.5 
26.36,-48.9,25.4 ,8.5 
26.38,-40.5,35.1 ,-0.1 
26.4,-29.1,40.7 ,-2.2 
26.42,-17.6,46.7 ,-24.4 
26.44,-14.1,43.7 ,-13.5 
26.46,-9.8,22.1 ,-11.2 
26.48,-5,2.2 ,-15.8 
26.5,1.9,-19.8 ,-23.8 
26.52,8,-44.7 ,-20.6 
26.54,3.5,-35.6 ,-9.1 
26.56,-2.9,-14.4 ,-3.2 
26.58,-6.1,6.6 ,0.7 
26.6,-3.4,35.1 ,16.1 
26.62,-1.3,60.9 ,17.2 
26.64,7.6,58.8 ,30.6 
26.66,20.5,44.1 ,17.2 
26.68,32.7,32.8 ,3.0 
26.7,45,13.6 ,10.5 
26.72,57.7,-1.4 ,18.1 
26.74,56.2,-19.2 ,8.8 
26.76,46.4,-20.9 ,-5.2 
26.78,30,-14.7 ,-6.3 
26.8,10.7,-19.2 ,-2.7 
26.82,-0.4,-16.8 ,4.4 
26.84,-3.3,-10.1 ,-1.2 
26.86,-6.9,-2.4 ,-0.2 
26.88,-10.1,6.2 ,13.0 
26.9,-20.1,15.6 ,19.2 
26.92,-18.8,14.3 ,10.5 
26.94,2.5,13.1 ,2.9 
26.96,13.4,9.6 ,-10.3 
26.98,24.3,6.5 ,-17.2 
27,26.6,1.5 ,-20.9 
27.02,26.5,5.9 ,-22.9 
27.04,15.5,17.9 ,-17.4 
27.06,-1.9,28.3 ,-11.2 
27.08,-9.5,34.8 ,4.5 
27.1,-21.6,18.4 ,10.7 
27.12,-16.7,6.9 ,9.5 
27.14,-12,-13.1 ,15.4 
27.16,-6.4,-31.6 ,14.7 
27.18,-12.9,-54.0 ,7.2 
27.2,-16.3,-48.3 ,2.5 
27.22,-19.3,-29.7 ,-0.9 
27.24,-24.2,-12.8 ,3.8 
27.26,-23.6,6.7 ,-3.3 
27.28,-17.5,-0.8 ,-10.0 
27.3,-12.4,-9.1 ,-16.3 
27.32,-18.5,-17.6 ,-9.5 
27.34,-26.5,-29.0 ,-3.4 
27.36,-32.3,-40.1 ,2.8 
27.38,-33.6,-49.0 ,3.5 
27.4,-45.4,-43.9 ,1.5 
27.42,-43,-35.0 ,-0.5 
27.44,-33.4,-24.7 ,-3.3 
27.46,-21.3,-16.0 ,-1.6 
27.48,-6.9,-10.1 ,1.3 
27.5,3,-18.8 ,5.0 
27.52,0.3,-21.6 ,3.9 
27.54,-9.3,-25.2 ,-2.5 
27.56,-8.9,-21.9 ,-7.4 
27.58,-15,-13.2 ,-4.7 
27.6,-16.4,-14.2 ,-3.4 
27.62,-23.8,-22.2 ,-8.1 
27.64,-32.3,-25.0 ,-11.6 
27.66,-42.1,-32.6 ,-13.4 
27.68,-45.7,-37.8 ,-7.6 
27.7,-39.7,-33.0 ,-3.7 
27.72,-34.9,-28.9 ,-0.6 
27.74,-25.8,-25.4 ,1.8 
27.76,-17.2,-22.0 ,4.5 
27.78,-2,-18.8 ,6.8 
27.8,15.6,-15.8 ,8.5 
27.82,28.4,-13.2 ,5.1 
27.84,36.2,-12.1 ,9.1 
27.86,35.4,-10.4 ,15.0 
27.88,26.9,-7.0 ,16.1 
27.9,10.1,-3.3 ,10.8 
27.92,-4.5,-1.6 ,9.5 
27.94,-12.5,1.3 ,6.8 
27.96,-24.5,-2.0 ,2.6 
27.98,-22.9,-9.3 ,2.1 
28,-12.6,-14.7 ,4.0 
28.02,-6.8,-23.8 ,4.2 
28.04,1.8,-24.4 ,2.1 
28.06,9.3,-18.4 ,-4.2 
28.08,20,-16.6 ,-8.4 
28.1,28.6,-11.9 ,-6.4 
28.12,36.5,-7.1 ,-1.9 
28.14,31.1,-2.1 ,-0.4 
28.16,18.1,0.3 ,-1.3 
28.18,2.4,-10.2 ,0.0 
28.2,-15.6,-17.4 ,2.0 
28.22,-31.9,-27.7 ,8.5 
28.24,-21.9,-16.9 ,10.6 
28.26,-11.8,-4.2 ,4.5 
28.28,1.5,15.8 ,-1.2 
28.3,15.3,16.4 ,-4.7 
28.32,29.8,1.9 ,-3.7 
28.34,24.3,-4.2 ,-4.1 
28.36,13.6,-15.4 ,-2.5 
28.38,10.2,-25.1 ,-1.2 
28.4,2.4,-35.2 ,1.3 
28.42,-1,-28.0 ,8.4 
28.44,-2.3,-18.1 ,15.1 
28.46,-3.6,-2.0 ,5.8 
28.48,-4.8,10.2 ,-3.0 
28.5,-8.9,21.1 ,-11.7 
28.52,-15.5,28.0 ,-8.8 
28.54,-14.8,13.2 ,-6.3 
28.56,-7.6,8.9 ,-3.3 
28.58,0,0.6 ,-0.6 
28.6,-2,-4.9 ,-0.3 
28.62,-14.8,-9.8 ,-2.1 
28.64,-22.5,-7.9 ,0.3 
28.66,-37.4,-2.1 ,1.7 
28.68,-36.5,1.0 ,3.3 
28.7,-25.1,-8.8 ,0.7 
28.72,-16.4,-15.7 ,-1.3 
28.74,-1.4,-21.4 ,0.8 
28.76,15.3,-15.9 ,6.0 
28.78,30.2,-3.3 ,9.1 
28.8,39.3,10.4 ,6.9 
28.82,40.6,23.0 ,-0.6 
28.84,38.5,28.6 ,-3.4 
28.86,32.9,23.2 ,-3.7 
28.88,18.3,13.3 ,-7.1 
28.9,12.5,0.6 ,-6.7 
28.92,7,-12.1 ,-7.3 
28.94,-0.1,-24.6 ,-8.3 
28.96,-6.8,-25.1 ,-1.8 
28.98,-13,-19.2 ,0.3 
29,-12.8,-14.0 ,-1.8 
29.02,-11.5,-6.5 ,0.3 
29.04,-10.2,0.2 ,4.1 
29.06,-8.4,7.6 ,5.3 
29.08,-14.1,14.2 ,4.4 
29.1,-20.5,22.0 ,8.4 
29.12,-26.9,24.4 ,7.4 
29.14,-35,17.2 ,2.3 
29.16,-35.9,11.1 ,-1.6 
29.18,-29.7,3.6 ,-2.4 
29.2,-22.7,-5.0 ,-1.5 
29.22,1.8,-10.4 ,-5.2 
29.24,9.9,-16.6 ,-3.9 
29.26,20.3,-12.6 ,6.4 
29.28,25.6,-2.5 ,6.7 
29.3,19.9,5.8 ,1.5 
29.32,16,5.7 ,-1.3 
29.34,10.7,0.0 ,1.0 
29.36,15.6,-1.7 ,-1.5 
29.38,19.8,-1.1 ,-3.5 
29.4,24.2,-0.1 ,-4.9 
29.42,14.1,4.2 ,-4.8 
29.44,5.5,16.9 ,-5.8 
29.46,-6.6,21.2 ,-7.5 
29.48,-9.7,29.0 ,-8.7 
29.5,-2.6,21.1 ,-6.3 
29.52,1.6,4.7 ,-5.8 
29.54,10,-7.5 ,-5.6 
29.56,9.4,-12.4 ,-4.5 
29.58,3.9,-3.7 ,-1.3 
29.6,0,6.8 ,0.9 
29.62,-6.6,18.5 ,-0.3 
29.64,-9.9,28.4 ,-2.4 
29.66,-10.9,39.0 ,-2.6 
29.68,-11.5,43.6 ,-0.9 
29.7,-13.1,41.0 ,1.0 
29.72,-16.8,34.3 ,0.8 
29.74,-19.9,28.1 ,-0.6 
29.76,-10.4,20.0 ,-1.9 
29.78,-1,12.9 ,-0.9 
29.8,5.5,6.3 ,1.6 
29.82,12.9,-0.2 ,2.8 
29.84,20,-5.8 ,0.7 
29.86,19.9,-6.9 ,-1.8 
29.88,16.9,-10.0 ,-1.9 
29.9,14.3,-11.3 ,2.4 
29.92,10.9,-15.1 ,1.3 
29.94,12.8,-18.6 ,-1.1 
29.96,15.2,-19.7 ,-1.5 
29.98,13.7,-20.3 ,-1.2 
30,11.7,-22.7 ,-1.9 
30.02,9.7,-16.4 ,-3.3 
30.04,6,-4.7 ,-3.2 
30.06,-2.8,4.6 ,1.6 
30.08,-5,14.7 ,4.2 
30.1,-8.4,24.8 ,5.7 
30.12,-17.8,26.2 ,7.6 
30.14,-32.1,23.5 ,10.5 
30.16,-42,24.3 ,8.8 
30.18,-51.8,27.8 ,5.7 
30.2,-47.2,31.3 ,-0.1 
30.22,-39.4,33.2 ,-2.2 
30.24,-29,23.4 ,-3.0 
30.26,-11,14.3 ,-3.6 
30.28,5,6.9 ,-4.0 
30.3,13.2,-1.2 ,-4.1 
30.32,15.7,-12.4 ,-5.7 
30.34,17.7,-22.5 ,-8.6 
30.36,19.5,-33.3 ,-5.9 
30.38,25.5,-33.3 ,-2.2 
30.4,33.1,-30.7 ,-1.1 
30.42,32.8,-23.6 ,-2.4 
30.44,25.2,-16.0 ,-2.9 
30.46,17.3,-8.1 ,0.4 
30.48,4.5,-5.4 ,1.8 
30.5,-8.5,-2.5 ,-1.9 
30.52,-19,1.1 ,-3.1 
30.54,-22.9,4.6 ,-4.0 
30.56,-30.4,8.3 ,-5.9 
30.58,-27.7,11.3 ,-1.9 
30.6,-22.7,12.7 ,3.1 
30.62,-17.4,9.8 ,2.8 
30.64,-12.1,5.7 ,4.1 
30.66,-12.6,1.5 ,5.4 
30.68,-12.9,-4.3 ,7.5 
30.7,-8,-9.3 ,5.5 
30.72,-2.6,-15.0 ,0.8 
30.74,3.9,-20.1 ,-2.8 
30.76,6.5,-25.4 ,-3.3 
30.78,5.5,-30.6 ,-3.7 
30.8,5,-35.0 ,-4.8 
30.82,6.4,-37.1 ,-7.5 
30.84,12.6,-34.0 ,-12.5 
30.86,17.9,-19.0 ,-15.9 
30.88,24.3,-7.1 ,-13.4 
30.9,30.7,7.3 ,-11.9 
30.92,29.8,21.4 ,-9.8 
30.94,25.1,32.4 ,-4.0 
30.96,21.6,26.5 ,1.8 
30.98,16.3,24.4 ,1.0 
31,19.2,18.7 ,2.0 
31.02,23.4,13.4 ,4.2 
31.04,28.2,7.5 ,6.4 
31.06,30.1,2.7 ,8.6 
31.08,19.6,3.9 ,8.1 
31.1,10.6,6.3 ,6.9 
31.12,-3.9,3.0 ,6.1 
31.14,-16.3,-0.1 ,5.5 
31.16,-32.2,-4.3 ,4.9 
31.18,-33.5,-6.0 ,4.5 
31.2,-21.9,-3.3 ,2.9 
31.22,-14.8,-1.3 ,-2.5 
31.24,-1,-0.1 ,-5.6 
31.26,1.1,-6.1 ,-7.1 
31.28,-5.3,-8.6 ,-9.9 
31.3,-10.1,-10.7 ,-7.7 
31.32,-12.6,-12.6 ,-2.5 
31.34,-14.3,-14.7 ,2.4 
31.36,-12.9,-11.9 ,3.6 
31.38,-10.4,-7.1 ,2.8 
31.4,-7.1,-2.5 ,1.8 
31.42,-1.8,2.5 ,-0.1 
31.44,3.3,3.2 ,-2.1 
31.46,8.5,4.2 ,-2.0 
31.48,15.8,7.3 ,-0.7 
31.5,23.9,11.3 ,0.2 
31.52,31.9,15.4 ,-4.4 
31.54,34.1,19.6 ,-5.6 
31.56,31.8,24.3 ,-1.4 
31.58,21.3,21.4 ,1.8 
31.6,7.3,14.4 ,3.2 
31.62,0.9,8.4 ,3.6 
31.64,-1.5,2.2 ,4.6 
31.66,-4.7,7.7 ,6.9 
31.68,-7.5,11.1 ,8.8 
31.7,-12.1,17.4 ,10.4 
31.72,-15.6,19.2 ,12.0 
31.74,-11.6,12.7 ,10.5 
31.76,-5.6,8.3 ,8.6 
31.78,-0.6,0.7 ,8.3 
31.8,-0.3,-3.8 ,8.4 
31.82,-0.3,-2.8 ,6.6 
31.84,1.4,-1.1 ,0.0 
31.86,4.6,-7.4 ,-3.3 
31.88,7.2,-17.6 ,-1.6 
31.9,8.6,-25.2 ,-1.0 
31.92,9.8,-20.0 ,-2.3 
31.94,12.4,-17.0 ,-3.0 
31.96,14.7,-9.8 ,-0.1 
31.98,17.2,-3.2 ,2.9 
32,20,4.2 ,4.5 
32.02,25.6,11.1 ,2.1 
32.04,31.7,17.7 ,0.3 
32.06,28.7,12.5 ,-2.3 
32.08,23.1,7.7 ,-1.6 
32.1,10.5,1.3 ,-1.1 
32.12,-0.1,-5.3 ,0.8 
32.14,-1.1,-7.8 ,5.7 
32.16,-3.6,-9.1 ,10.8 
32.18,-5.3,-10.9 ,9.9 
32.2,-8.3,-11.0 ,7.2 
32.22,-5.2,-10.9 ,4.3 
32.24,-0.7,-7.1 ,2.1 
32.26,3.7,-0.8 ,2.7 
32.28,9.6,4.4 ,1.5 
32.3,15.5,11.8 ,-1.5 
32.32,20.5,12.9 ,-4.2 
32.34,14.3,7.2 ,-7.2 
32.36,7.3,2.9 ,-7.2 
32.38,2.1,-3.5 ,-7.6 
32.4,-2.2,-9.7 ,-6.1 
32.42,-7,-14.3 ,-2.2 
32.44,-10,-13.7 ,1.6 
32.46,-7.5,-14.3 ,5.8 
32.48,-5.4,-13.5 ,9.3 
32.5,-2.9,-11.7 ,8.6 
32.52,-1.5,-3.8 ,8.1 
32.54,0,2.1 ,6.9 
32.56,-0.1,10.9 ,5.9 
32.58,-0.6,11.5 ,4.6 
32.6,-1.1,5.8 ,5.2 
32.62,-1,1.9 ,7.1 
32.64,-0.3,-4.7 ,8.1 
32.66,0.1,-5.8 ,7.7 
32.68,1.6,-6.7 ,7.8 
32.7,5.3,-7.2 ,6.9 
32.72,8.6,-7.1 ,8.7 
32.74,12.6,-5.3 ,9.9 
32.76,15.4,-2.8 ,7.4 
32.78,13.1,-5.3 ,7.6 
32.8,10.2,-10.4 ,6.9 
32.82,5.6,-14.7 ,4.4 
32.84,0.6,-19.8 ,2.3 
32.86,-4,-15.4 ,-0.5 
32.88,-9.8,-12.4 ,-0.2 
32.9,-9.6,-7.2 ,3.7 
32.92,-4.6,-4.4 ,3.8 
32.94,-0.7,-3.5 ,3.8 
32.96,3.1,-2.5 ,3.9 
32.98,4.5,-0.5 ,4.7 
33,6.8,2.6 ,4.1 
33.02,5.2,4.2 ,2.4 
33.04,4.5,5.0 ,0.8 
33.06,1.8,7.6 ,-0.4 
33.08,-0.2,11.5 ,1.1 
33.1,-2.9,16.0 ,2.2 
33.12,-2.8,13.7 ,3.9 
33.14,-1.7,7.8 ,2.8 
33.16,-0.6,2.9 ,1.5 
33.18,-0.5,-3.5 ,-0.4 
33.2,-1.7,-5.2 ,-0.8 
33.22,-2.2,-8.2 ,-0.1 
33.24,-3.6,-11.8 ,0.7 
33.26,-3.2,-13.3 ,-0.4 
33.28,-0.7,-12.3 ,-3.1 
33.3,1.4,-12.6 ,-5.1 
33.32,4.1,-13.4 ,-4.9 
33.34,6.5,-11.3 ,-4.4 
33.36,6.3,-5.8 ,-3.8 
33.38,5.2,-1.3 ,-3.0 
33.4,0.6,4.6 ,-3.6 
33.42,-4.5,9.9 ,-4.5 
33.44,-7.6,16.0 ,-5.2 
33.46,-6.4,20.4 ,-3.8 
33.48,-6.5,23.3 ,-2.0 
33.5,-10.7,24.2 ,-0.2 
33.52,-16.1,21.0 ,1.9 
33.54,-17.4,16.8 ,1.6 
33.56,-11.7,11.9 ,0.1 
33.58,-7,7.1 ,-1.2 
33.6,-3.6,4.9 ,-3.0 
33.62,-2.5,3.0 ,-4.5 
33.64,-0.2,4.2 ,-6.1 
33.66,0.4,6.1 ,-5.5 
33.68,3.6,5.3 ,-4.0 
33.7,8.2,1.7 ,-2.7 
33.72,11.5,-1.1 ,-1.3 
33.74,7,-5.2 ,-1.9 
33.76,3.8,-8.9 ,-2.2 
33.78,-1,-11.3 ,-3.0 
33.8,-2.5,-9.2 ,-3.0 
33.82,-3.4,-4.5 ,-1.4 
33.84,-4.1,1.1 ,-0.1 
33.86,-4.5,6.8 ,-1.7 
33.88,-6.5,12.1 ,-3.0 
33.9,-12,7.1 ,-4.6 
33.92,-11.7,3.9 ,-3.1 
33.94,-10.8,-1.2 ,-1.0 
33.96,-9.8,-2.3 ,0.9 
33.98,-8.1,-2.2 ,-1.3 
34,-7.6,-0.1 ,-4.8 
34.02,-11,2.5 ,-5.5 
34.04,-13.8,4.0 ,-4.4 
34.06,-16.6,-0.9 ,-3.6 
34.08,-14.4,-4.5 ,-3.2 
34.1,-13,-9.8 ,-6.4 
34.12,-11.1,-14.8 ,-7.4 
34.14,-10.8,-19.4 ,-6.9 
34.16,-9.8,-16.5 ,-6.5 
34.18,-9.8,-14.4 ,-5.7 
34.2,-6.3,-11.1 ,-4.6 
34.22,-0.2,-8.5 ,-3.2 
34.24,5.4,-5.7 ,-1.9 
34.26,11,-2.3 ,-0.4 
34.28,15.2,1.6 ,-0.7 
34.3,19.7,5.4 ,-2.1 
34.32,17,8.6 ,-3.2 
34.34,14,9.9 ,-4.7 
34.36,10.3,11.8 ,-6.1 
34.38,6.4,13.0 ,-7.4 
34.4,1,14.9 ,-6.4 
34.42,-6.7,14.1 ,-5.4 
34.44,-10.5,10.1 ,-4.4 
34.46,-12.2,6.3 ,-4.4 
34.48,-13.8,1.5 ,-4.5 
34.5,-16.6,-2.3 ,-4.6 
34.52,-21.5,-4.8 ,-3.3 
34.54,-26.9,-7.5 ,-1.8 
34.56,-27.4,-9.8 ,-1.8 
34.58,-21.7,-10.7 ,-2.2 
34.6,-17.8,-11.1 ,-2.6 
34.62,-11.6,-8.1 ,-3.2 
34.64,-6.1,-1.7 ,-2.6 
34.66,0,4.7 ,-1.8 
34.68,5.4,8.9 ,-1.0 
34.7,9.9,8.8 ,-0.1 
34.72,14.4,7.5 ,-1.1 
34.74,18.7,5.3 ,-2.7 
34.76,23.2,5.3 ,-4.4 
34.78,26.2,7.2 ,-5.5 
34.8,25.5,3.7 ,-5.2 
34.82,22.7,0.7 ,-5.0 
34.84,17.1,-1.9 ,-4.6 
34.86,12.7,-3.4 ,-4.1 
34.88,5.4,-5.5 ,-1.6 
34.9,-4.7,-7.5 ,2.0 
34.92,-14.9,-7.9 ,3.1 
34.94,-21,-5.1 ,2.9 
34.96,-25.4,-4.5 ,3.0 
34.98,-25.2,-4.5 ,2.6 
35,-24.5,-5.2 ,2.4 
35.02,-22.6,-1.6 ,2.1 
35.04,-17.9,5.6 ,1.8 
35.06,-13.6,7.5 ,1.9 
35.08,-8.2,8.9 ,3.4 
35.1,-1.4,10.3 ,3.6 
35.12,4.4,10.9 ,2.8 
35.14,8.9,11.8 ,2.1 
35.16,9.7,9.6 ,1.1 
35.18,10,6.6 ,0.3 
35.2,10,3.7 ,-0.7 
35.22,10.4,0.9 ,-1.1 
35.24,13.6,2.5 ,-0.7 
35.26,12.1,3.3 ,-0.5 
35.28,10,5.3 ,-0.1 
35.3,7.2,6.4 ,0.3 
35.32,1.9,6.8 ,0.1 
35.34,-2.8,5.3 ,-0.3 
35.36,-8.3,-0.6 ,-0.8 
35.38,-13.1,-6.1 ,-1.2 
35.4,-19,-10.4 ,-1.8 
35.42,-19.4,-10.3 ,-1.6 
35.44,-13.9,-8.1 ,-0.9 
35.46,-10,-3.4 ,-0.3 
35.48,-4.4,0.9 ,0.5 
35.5,-4.4,5.9 ,1.2 
35.52,-4,9.8 ,1.5 
35.54,-4.5,10.4 ,0.7 
35.56,-4.9,8.9 ,0.3 
35.58,-3.9,5.3 ,1.0 
35.6,-2.1,3.3 ,2.1 
35.62,-2.2,3.0 ,1.5 
35.64,-1.6,2.5 ,-1.0 
35.66,-1.6,2.2 ,-3.5 
35.68,-1.2,-1.4 ,-4.6 
35.7,-1.2,-4.6 ,-3.1 
35.72,2.8,-8.3 ,-2.3 
35.74,6.8,-12.3 ,-0.5 
35.76,11.5,-14.2 ,-0.7 
35.78,9.6,-9.5 ,-0.7 
35.8,5.6,-6.2 ,1.8 
35.82,1.7,-1.0 ,2.2 
35.84,-3.1,1.9 ,4.2 
35.86,-7.8,2.9 ,6.0 
35.88,-9.2,4.4 ,7.9 
35.9,-9.2,5.0 ,9.7 
35.92,-9.5,6.2 ,9.3 
35.94,-9.2,5.7 ,7.9 
35.96,-8.6,3.9 ,6.6 
35.98,-5.2,1.3 ,5.0 
36,-2.2,-2.3 ,3.6 
36.02,1.4,-5.6 ,2.1 
36.04,3.8,-9.4 ,1.6 
36.06,3.4,-12.1 ,0.8 
36.08,3.4,-10.4 ,0.3 
36.1,2.9,-8.5 ,-0.3 
36.12,4,-2.6 ,0.1 
36.14,5.4,2.8 ,0.9 
36.16,6.7,9.0 ,1.7 
36.18,8.5,14.2 ,2.0 
36.2,8.7,16.5 ,1.1 
36.22,7.7,16.4 ,0.7 
36.24,7,14.3 ,-0.4 
36.26,6.1,12.5 ,0.2 
36.28,7.5,9.9 ,2.2 
36.3,8.7,6.9 ,3.8 
36.32,10.2,2.5 ,3.9 
36.34,11.1,-1.2 ,3.8 
36.36,9,-4.8 ,3.7 
36.38,7.5,-2.3 ,3.3 
36.4,5.3,-1.5 ,3.4 
36.42,6.2,-1.1 ,3.9 
36.44,7.9,-0.1 ,4.5 
36.46,9.7,0.5 ,4.8 
36.48,11.8,0.4 ,3.7 
36.5,13.5,-0.7 ,2.7 
36.52,10.5,-1.2 ,1.4 
36.54,7.7,0.1 ,0.2 
36.56,4.4,1.2 ,-1.1 
36.58,1.2,2.6 ,-2.0 
36.6,-2.1,3.6 ,-1.8 
36.62,-4.2,2.5 ,-1.8 
36.64,-6.8,1.0 ,-1.5 
36.66,-8.7,-0.9 ,-1.3 
36.68,-12,-2.9 ,-1.1 
36.7,-15.9,-5.0 ,-1.8 
36.72,-19.8,-6.7 ,-2.9 
36.74,-23.3,-7.1 ,-3.9 
36.76,-25.8,-7.3 ,-5.0 
36.78,-27,-6.7 ,-6.1 
36.8,-27.8,-6.4 ,-7.3 
36.82,-28.7,-5.7 ,-8.2 
36.84,-27.8,-5.8 ,-7.8 
36.86,-27,-7.5 ,-7.3 
36.88,-25.8,-8.8 ,-6.7 
36.9,-25.1,-10.6 ,-6.0 
36.92,-21.9,-11.8 ,-5.3 
36.94,-17.3,-11.4 ,-3.6 
36.96,-12.9,-10.3 ,-1.3 
36.98,-10.9,-9.0 ,-0.3 
37,-10.5,-7.6 ,-1.2 
37.02,-9.5,-6.5 ,-1.9 
37.04,-9.1,-7.2 ,-3.0 
37.06,-7.2,-8.2 ,-4.1 
37.08,-5.9,-9.4 ,-4.3 
37.1,-4,-10.7 ,-2.9 
37.12,-2.3,-12.1 ,-3.0 
37.14,1.8,-13.1 ,-2.9 
37.16,3.5,-12.4 ,-3.1 
37.18,4.2,-11.9 ,-2.4 
37.2,4.8,-11.1 ,-1.1 
37.22,4.3,-10.4 ,0.1 
37.24,4.3,-8.1 ,1.4 
37.26,3.8,-4.3 ,2.7 
37.28,3.6,-1.0 ,4.0 
37.3,3.2,7.2 ,4.7 
37.32,4.7,11.9 ,4.9 
37.34,6.3,13.6 ,5.2 
37.36,8.5,13.3 ,5.3 
37.38,11,12.1 ,5.5 
37.4,13.4,10.9 ,5.5 
37.42,16,9.2 ,4.8 
37.44,18.1,7.5 ,3.9 
37.46,17.3,4.0 ,3.0 
37.48,16.8,1.4 ,2.1 
37.5,15.9,-2.5 ,1.1 
37.52,14.7,-1.3 ,0.2 
37.54,10.8,3.5 ,-0.5 
37.56,6.8,6.9 ,-0.7 
37.58,3.2,12.6 ,-1.0 
37.6,0.9,14.5 ,-1.2 
37.62,1.9,11.3 ,-1.5 
37.64,2.8,9.2 ,-1.4 
37.66,4,7.8 ,-1.4 
37.68,5.4,6.3 ,-1.3 
37.7,6.9,5.5 ,-1.2 
37.72,9.5,7.4 ,-1.2 
37.74,11.7,8.7 ,-1.2 
37.76,14.3,10.6 ,-1.5 
37.78,14.3,10.7 ,-1.7 
37.8,12.5,10.3 ,-2.2 
37.82,12.2,10.6 ,-1.7 
37.84,12.4,11.5 ,-0.5 
37.86,12.6,12.1 ,0.6 
37.88,13,12.6 ,0.5 
37.9,13.3,11.5 ,-0.1 
37.92,10.6,10.3 ,-0.6 
37.94,7.9,7.9 ,-1.3 
37.96,4.6,5.8 ,-2.0 
37.98,2,3.4 ,-2.3 
38,0.5,0.9 ,-1.7 
38.02,-1.1,-0.7 ,-1.2 
38.04,-2.5,2.7 ,-0.5 
38.06,-1.1,6.4 ,0.1 
38.08,1.8,11.0 ,0.8 
38.1,4.3,15.5 ,0.5 
38.12,7.6,14.8 ,0.1 
38.14,10.3,13.4 ,-0.3 
38.16,13.3,11.9 ,-0.7 
38.18,10.1,9.6 ,-0.1 
38.2,6.2,7.7 ,0.6 
38.22,1.8,5.6 ,1.4 
38.24,-2.7,5.9 ,2.2 
38.26,-8,6.3 ,3.1 
38.28,-8.9,6.8 ,3.9 
38.3,-5.4,7.6 ,4.8 
38.32,-3,8.2 ,5.0 
38.34,0.6,9.1 ,4.4 
38.36,1.2,9.0 ,3.3 
38.38,2.2,5.8 ,1.3 
38.4,2.7,2.9 ,-0.6 
38.42,3.2,1.0 ,-2.5 
38.44,4.8,0.3 ,-3.2 
38.46,6.9,-1.3 ,-3.8 
38.48,8.9,-2.1 ,-4.4 
38.5,11.2,-3.5 ,-3.8 
38.52,13.3,-3.3 ,-1.9 
38.54,14,-1.2 ,-0.4 
38.56,13.7,0.4 ,0.3 
38.58,14,0.9 ,0.8 
38.6,13.5,1.7 ,1.4 
38.62,13.9,1.1 ,1.8 
38.64,10.2,-0.4 ,2.2 
38.66,3,-1.6 ,1.8 
38.68,-3.2,-3.3 ,1.4 
38.7,-6.3,-4.8 ,0.9 
38.72,-8.5,-6.5 ,1.2 
38.74,-11.2,-6.4 ,2.0 
38.76,-15.7,-4.9 ,1.9 
38.78,-19.7,-3.5 ,1.3 
38.8,-18.8,1.1 ,0.8 
38.82,-18.2,2.8 ,0.1 
38.84,-17,5.2 ,0.0 
38.86,-15.6,5.4 ,0.2 
38.88,-14.2,4.4 ,0.3 
38.9,-12.9,3.4 ,-0.8 
38.92,-12.5,3.1 ,-2.1 
38.94,-12,3.6 ,-3.4 
38.96,-11.6,3.7 ,-3.1 
38.98,-11.4,2.5 ,-2.4 
39,-10.6,1.0 ,-1.7 
39.02,-6.4,-0.3 ,-0.8 
39.04,-2.1,-1.2 ,-0.7 
39.06,0.2,-1.9 ,-0.9 
39.08,-0.4,-4.6 ,-0.9 
39.1,-0.4,-8.2 ,-0.4 
39.12,-1.4,-10.8 ,0.1 
39.14,-1.9,-10.1 ,0.4 
39.16,-0.8,-7.8 ,-0.2 
39.18,1.1,-5.3 ,-0.8 
39.2,2.7,-2.2 ,-1.6 
39.22,5,0.7 ,-1.7 
39.24,5.3,3.2 ,-1.4 
39.26,4.2,3.8 ,-1.1 
39.28,3,2.9 ,-0.8 
39.3,1.1,2.3 ,-1.8 
39.32,-0.5,1.2 ,-2.7 
39.34,-2.4,2.0 ,-3.7 
39.36,-2,3.5 ,-4.7 
39.38,-0.7,2.7 ,-5.7 
39.4,0.4,1.3 ,-4.5 
39.42,1.9,0.2 ,-4.0 
39.44,3.3,-1.7 ,-5.0 
39.46,4.8,-2.5 ,-6.3 
39.48,5.7,-2.0 ,-3.7 
39.5,6.5,-1.6 ,-0.6 
39.52,7.4,-1.0 ,-0.4 
39.54,8.1,-0.2 ,0.7 
39.56,9.1,-1.0 ,1.0 
39.58,12.7,-2.4 ,1.5 
39.6,16.9,-3.9 ,1.1 
39.62,14.4,-5.0 ,0.6 
39.64,10.5,-4.7 ,0.1 
39.66,7,-2.2 ,-0.5 
39.68,3.5,1.7 ,-0.5 
39.7,0.2,5.3 ,0.3 
39.72,-3.2,9.6 ,0.9 
39.74,-6.4,13.2 ,1.8 
39.76,-9.5,14.6 ,2.5 
39.78,-9.1,13.0 ,2.6 
39.8,-8.3,10.9 ,2.4 
39.82,-7.3,8.3 ,2.2 
39.84,-5.1,6.3 ,1.9 
39.86,-3,7.1 ,1.6 
39.88,-0.4,7.4 ,1.3 
39.9,3.3,7.9 ,1.1 
39.92,5.2,4.5 ,1.7 
39.94,4.4,1.6 ,2.6 
39.96,4,-1.8 ,2.0 
39.98,3,-5.6 ,1.4 
40,2,-7.6 ,0.6 
40.02,1,-7.7 ,0.1 
40.04,0.1,-8.3 ,1.3 
40.06,-1,-8.1 ,1.0 
40.08,-1.4,-7.6 ,-0.3 
40.1,0.2,-7.2 ,-1.6 
40.12,1.6,-8.5 ,-1.7 
40.14,3,-9.2 ,0.5 
40.16,2.3,-10.6 ,2.3 
40.18,1.6,-11.6 ,3.9 
40.2,1.6,-12.8 ,3.1 
40.22,2.6,-13.9 ,4.0 
40.24,3.2,-14.4 ,6.0 
40.26,4.5,-13.1 ,7.7 
40.28,4.6,-12.2 ,6.4 
40.3,2.1,-10.7 ,5.3 
40.32,-0.3,-10.2 ,3.7 
40.34,-3,-11.9 ,3.6 
40.36,-6,-13.4 ,3.9 
40.38,-8.7,-15.3 ,4.2 
40.4,-11.6,-17.2 ,4.4 
40.42,-10.7,-17.0 ,4.3 
40.44,-9.4,-15.7 ,4.2 
40.46,-7.8,-12.6 ,4.1 
40.48,-6.8,-9.4 ,3.5 
40.5,-6.3,-6.0 ,2.5 
40.52,-5.7,-3.3 ,1.5 
40.54,-5,-0.2 ,1.5 
40.56,-4.1,2.0 ,1.8 
40.58,-3.3,2.6 ,2.0 
40.6,-2.4,2.2 ,2.2 
40.62,-1.4,1.6 ,1.6 
40.64,-0.5,0.8 ,1.1 
40.66,0.4,-0.6 ,0.5 
40.68,1.3,-3.1 ,0.1 
40.7,2.1,-5.4 ,0.6 
40.72,0.1,-7.1 ,1.1 
40.74,-1.8,-5.9 ,1.7 
40.76,-4,-4.8 ,2.4 
40.78,-6.4,-2.8 ,2.9 
40.8,-8.7,-1.0 ,3.6 
40.82,-11,1.5 ,3.4 
40.84,-12.9,3.7 ,2.8 
40.86,-15.1,6.0 ,2.2 
40.88,-16.5,5.8 ,1.9 
40.9,-17.4,5.0 ,2.2 
40.92,-18.4,5.6 ,2.5 
40.94,-19.4,6.5 ,2.5 
40.96,-20.2,7.5 ,1.7 
40.98,-21.3,8.1 ,0.9 
41,-19.8,7.4 ,0.9 
41.02,-17.3,6.9 ,1.7 
41.04,-13.5,6.1 ,2.3 
41.06,-6.5,5.3 ,3.1 
41.08,-1.4,4.4 ,3.7 
41.1,2,4.1 ,3.2 
41.12,5.5,5.3 ,2.6 
41.14,8.2,6.2 ,2.0 
41.16,8.9,7.3 ,1.3 
41.18,10.2,6.4 ,0.6 
41.2,9.3,5.7 ,0.2 
41.22,8,4.6 ,0.9 
41.24,6.1,4.3 ,1.5 
41.26,3.3,5.8 ,2.3 
41.28,0.3,7.2 ,2.8 
41.3,-2.4,8.3 ,2.5 
41.32,-5.7,8.1 ,2.2 
41.34,-4.5,8.2 ,1.7 
41.36,-1.3,7.9 ,1.8 
41.38,1.3,7.9 ,2.5 
41.4,3.3,5.6 ,3.0 
41.42,4.8,2.4 ,3.8 
41.44,5.4,-0.6 ,3.8 
41.46,5.8,-4.0 ,3.1 
41.48,6.2,-5.7 ,2.6 
41.5,6.5,-7.5 ,1.8 
41.52,6.9,-9.2 ,1.6 
41.54,7.2,-10.0 ,2.2 
41.56,7.5,-8.8 ,1.7 
41.58,7.7,-8.1 ,0.4 
41.6,7.3,-6.4 ,-0.9 
41.62,6.9,-3.7 ,-2.2 
41.64,6.4,-1.1 ,-3.6 
41.66,5.8,0.2 ,-4.3 
41.68,5.4,1.2 ,-4.4 
41.7,4.8,2.2 ,-4.5 
41.72,6.1,3.8 ,-3.7 
41.74,7.9,5.7 ,-3.1 
41.76,9.6,7.6 ,-2.3 
41.78,11.4,9.0 ,-1.5 
41.8,12.6,8.1 ,-1.1 
41.82,13.9,7.2 ,-1.0 
41.84,13.1,5.7 ,-0.9 
41.86,12.3,4.4 ,-0.8 
41.88,11.4,1.6 ,-0.6 
41.9,10.3,-0.2 ,-0.6 
41.92,8.7,-1.3 ,-1.1 
41.94,7.2,-2.7 ,-1.6 
41.96,5.6,-3.7 ,-2.2 
41.98,4,-5.0 ,-3.0 
42,2.4,-5.5 ,-4.9 
42.02,0.7,-4.7 ,-5.9 
42.04,0.4,-3.9 ,-5.5 
42.06,0.8,0.2 ,-5.4 
42.08,0.9,4.2 ,-5.8 
42.1,2.3,8.0 ,-6.3 
42.12,4.2,8.5 ,-7.0 
42.14,5.2,9.6 ,-7.1 
42.16,6.1,9.8 ,-6.4 
42.18,7.2,10.2 ,-5.8 
42.2,7.9,10.2 ,-4.4 
42.22,8.9,9.6 ,-2.8 
42.24,9.5,9.0 ,-1.3 
42.26,9.5,8.5 ,-1.1 
42.28,9.3,8.9 ,-1.0 
42.3,8.9,9.4 ,-1.0 
42.32,2.5,10.3 ,-1.0 
42.34,0,11.4 ,-1.9 
42.36,-0.5,12.4 ,-3.2 
42.38,-2,13.6 ,-3.7 
42.4,-2.4,14.6 ,-3.6 
42.42,-3.3,15.1 ,-3.6 
42.44,-4.8,13.5 ,-3.4 
42.46,-6.4,12.1 ,-3.3 
42.48,-8,10.7 ,-3.1 
42.5,-9.7,9.5 ,-2.9 
42.52,-11.4,8.1 ,-2.6 
42.54,-12.8,6.9 ,-2.3 
42.56,-10.6,5.3 ,-2.0 
42.58,-8.9,4.0 ,-1.7 
42.6,-6.6,2.3 ,-1.5 
42.62,-4.3,2.1 ,-1.1 
42.64,-1.9,2.8 ,-1.3 
42.66,-1.1,3.4 ,-2.2 
42.68,-0.9,2.8 ,-3.0 
42.7,-0.5,1.4 ,-3.9 
42.72,-0.4,0.6 ,-4.5 
42.74,0.5,-0.5 ,-4.2 
42.76,1.4,-1.5 ,-3.9 
42.78,2.4,-1.6 ,-2.8 
42.8,3.5,-1.1 ,-1.4 
42.82,4.3,-0.8 ,-0.1 
42.84,4.4,0.0 ,1.3 
42.86,3.9,0.6 ,1.9 
42.88,1.3,1.3 ,2.0 
42.9,-0.8,0.1 ,2.2 
42.92,-3.6,-1.0 ,2.2 
42.94,-4.7,-2.5 ,2.3 
42.96,-5.5,-3.4 ,2.6 
42.98,-6.2,-3.4 ,3.0 
43,-6.8,-3.9 ,3.4 
43.02,-7.3,-5.3 ,3.7 
43.04,-8,-6.6 ,2.7 
43.06,-7.5,-8.2 ,1.6 
43.08,-6.4,-9.5 ,1.0 
43.1,-2.8,-10.8 ,0.8 
43.12,0.5,-11.2 ,0.3 
43.14,4.6,-10.9 ,0.2 
43.16,6.5,-10.8 ,-0.3 
43.18,6,-10.6 ,1.8 
43.2,6,-12.0 ,3.0 
43.22,5.4,-13.3 ,3.0 
43.24,4.9,-14.8 ,3.6 
43.26,4.4,-16.5 ,3.7 
43.28,3.9,-16.9 ,4.0 
43.3,2.9,-15.8 ,4.0 
43.32,0,-13.3 ,4.1 
43.34,-2.6,-9.7 ,4.1 
43.36,-5.2,-6.4 ,4.1 
43.38,-4.2,-2.6 ,4.1 
43.4,-3.7,0.0 ,4.0 
43.42,-2.5,2.5 ,3.6 
43.44,-1.5,3.4 ,3.2 
43.46,-0.2,2.9 ,2.7 
43.48,0.2,2.6 ,2.2 
43.5,0,1.8 ,1.8 
43.52,-0.1,1.8 ,1.8 
43.54,-0.4,3.1 ,1.7 
43.56,-0.7,3.8 ,1.7 
43.58,-0.6,4.8 ,1.7 
43.6,-0.1,5.8 ,1.4 
43.62,0.3,6.7 ,0.9 
43.64,0.7,6.1 ,0.5 
43.66,-0.1,5.1 ,0.0 
43.68,-0.7,2.7 ,-0.5 
43.7,-1.5,0.5 ,-0.5 
43.72,-2.4,-2.0 ,-0.3 
43.74,-2.9,-3.3 ,-0.1 
43.76,-2.8,-4.8 ,0.2 
43.78,-2.8,-6.0 ,0.4 
43.8,-2.5,-7.2 ,0.7 
43.82,-2.4,-8.5 ,1.3 
43.84,-2.1,-9.1 ,1.9 
43.86,-2.7,-8.3 ,2.5 
43.88,-4.4,-7.9 ,3.1 
43.9,-5.8,-7.1 ,3.5 
43.92,-7.6,-8.1 ,2.7 
43.94,-8.4,-9.5 ,1.9 
43.96,-8.2,-11.2 ,0.8 
43.98,-8.3,-13.0 ,-0.1 
44,-7.5,-14.6 ,-1.2 
44.02,-5,-13.4 ,-1.6 
44.04,-2.8,-12.2 ,-1.4 
44.06,-0.2,-10.7 ,-1.3 
44.08,1.8,-9.0 ,-1.1 
44.1,1.8,-7.3 ,-0.8 
44.12,2.1,-5.9 ,-1.1 
44.14,2.1,-6.8 ,-1.7 
44.16,2.1,-7.8 ,-2.2 
44.18,3.1,-8.4 ,-2.7 
44.2,4.3,-6.7 ,-2.5 
44.22,4.9,-5.4 ,-2.3 
44.24,4.9,-3.5 ,-1.9 
44.26,4.9,-2.0 ,-1.6 
44.28,4.8,-3.8 ,-1.3 
44.3,4.7,-5.5 ,-1.1 
44.32,5.2,-8.0 ,-0.8 
44.34,6.7,-10.4 ,-0.5 
44.36,7.9,-12.0 ,-0.8 
44.38,9.5,-13.0 ,-1.8 
44.4,9.7,-11.9 ,-1.1 
44.42,9.6,-10.2 ,2.4 
44.44,9.6,-6.2 ,3.1 
44.46,9.3,-2.5 ,0.8 
44.48,9.1,1.7 ,-1.0 
44.5,8.9,5.0 ,-3.7 
44.52,8.7,6.2 ,-1.1 
44.54,8.4,5.2 ,3.0 
44.56,8.2,4.2 ,2.1 
44.58,8,2.4 ,0.7 
44.6,7.7,0.3 ,0.9 
44.62,6.2,-0.3 ,0.5 
44.64,4.7,0.2 ,-0.8 
44.66,3.5,-0.2 ,-1.7 
44.68,3.6,-1.8 ,-2.2 
44.7,3.4,-3.3 ,-2.2 
44.72,3.5,-4.5 ,-2.4 
44.74,3.6,-4.4 ,-2.6 
44.76,3.2,-4.5 ,-2.8 
44.78,1.9,-4.2 ,-3.0 
44.8,1.5,-4.0 ,-3.3 
44.82,1.4,-3.9 ,-3.4 
44.84,1.2,-5.3 ,-3.3 
44.86,1.2,-6.6 ,-3.2 
44.88,1.1,-8.2 ,-3.0 
44.9,0,-9.7 ,-2.7 
44.92,-1,-8.9 ,-2.0 
44.94,-2,-8.2 ,-1.5 
44.96,-2.5,-7.1 ,-0.8 
44.98,-2.9,-6.8 ,-0.3 
45,-3.3,-8.7 ,-0.1 
45.02,-3.7,-10.1 ,0.1 
45.04,-4.8,-12.1 ,0.3 
45.06,-6.3,-13.4 ,0.5 
45.08,-7.7,-14.6 ,0.7 
45.1,-9.2,-15.7 ,0.8 
45.12,-10.7,-16.7 ,0.9 
45.14,-12.2,-17.4 ,1.0 
45.16,-13.8,-18.1 ,1.1 
45.18,-14.3,-17.6 ,1.2 
45.2,-12,-17.0 ,1.1 
45.22,-10.3,-16.4 ,0.9 
45.24,-7.8,-15.2 ,0.6 
45.26,-6.7,-12.5 ,0.4 
45.28,-6.3,-10.0 ,0.1 
45.3,-5.8,-7.1 ,-0.1 
45.32,-5.6,-4.3 ,-0.3 
45.34,-5.3,-2.6 ,-0.6 
45.36,-5,-1.3 ,-0.4 
45.38,-4.8,0.2 ,-0.2 
45.4,-4.5,1.5 ,0.1 
45.42,-4.2,3.1 ,0.2 
45.44,-3.9,3.2 ,0.1 
45.46,-3.1,2.4 ,0.1 
45.48,-2.6,2.1 ,-0.1 
45.5,-1.1,0.1 ,-0.2 
45.52,1,-3.0 ,-0.2 
45.54,3.1,-4.9 ,-0.1 
45.56,4.6,-6.8 ,0.1 
45.58,4.8,-7.2 ,0.3 
45.6,5.4,-6.0 ,0.4 
45.62,5.5,-4.7 ,0.6 
45.64,6.3,-4.1 ,0.7 
45.66,8.4,-3.6 ,0.7 
45.68,10.1,-3.1 ,0.6 
45.7,8.4,-2.5 ,0.5 
45.72,7.1,-0.6 ,0.4 
45.74,5.3,1.0 ,0.4 
45.76,3.3,2.9 ,0.4 
45.78,2.8,4.5 ,0.7 
45.8,2.9,6.4 ,0.9 
45.82,2.8,7.1 ,1.2 
45.84,2.7,6.6 ,1.5 
45.86,1.2,6.4 ,2.0 
45.88,-0.1,5.9 ,2.5 
45.9,-1,7.6 ,3.1 
45.92,-1.1,9.1 ,3.4 
45.94,-1.6,9.9 ,3.5 
45.96,-1.5,10.7 ,3.6 
45.98,-3.1,11.2 ,3.6 
46,-6.8,9.5 ,3.7 
46.02,-9.9,7.6 ,3.5 
46.04,-10.2,5.6 ,1.2 
46.06,-10.5,3.2 ,1.0 
46.08,-10.6,1.8 ,0.5 
46.1,-9.9,1.2 ,0.1 
46.12,-8.9,0.9 ,-0.2 
46.14,-7.9,1.2 ,-0.5 
46.16,-7.4,0.5 ,-0.8 
46.18,-7.2,-0.4 ,-1.1 
46.2,-6.8,-1.3 ,-1.8 
46.22,-6.7,-2.3 ,-2.4 
46.24,-6.3,-3.4 ,-3.1 
46.26,-4,-4.6 ,-3.8 
46.28,-1.3,-6.2 ,-4.5 
46.3,1.3,-6.4 ,-4.9 
46.32,4.3,-5.1 ,-4.5 
46.34,7.1,-3.6 ,-4.2 
46.36,9.9,-1.5 ,-3.7 
46.38,8.6,0.4 ,-3.3 
46.4,6.3,1.3 ,-2.8 
46.42,4.1,1.1 ,-2.3 
46.44,1.3,0.8 ,-1.9 
46.46,-1.4,0.3 ,-1.4 
46.48,-3.5,0.4 ,-1.9 
46.5,-3.7,0.5 ,-2.6 
46.52,-4.4,0.7 ,-3.3 
46.54,-4.6,0.9 ,-4.0 
46.56,-4.9,0.9 ,-4.1 
46.58,-5.1,0.3 ,-4.1 
46.6,-5.4,-0.1 ,-4.0 
46.62,-5.6,-0.7 ,-5.1 
46.64,-5.8,0.5 ,-8.2 
46.66,-4.6,2.3 ,-6.2 
46.68,-2.9,4.1 ,1.6 
46.7,-1.3,5.6 ,2.5 
46.72,0.7,5.9 ,-0.8 
46.74,1.7,6.4 ,-3.1 
46.76,1.9,6.7 ,-6.6 
46.78,2.5,6.7 ,-4.3 
46.8,2.5,5.7 ,-2.0 
46.82,3.5,4.9 ,1.2 
46.84,5,3.9 ,0.7 
46.86,6.4,2.9 ,-1.5 
46.88,8,3.2 ,-3.6 
46.9,9.4,3.9 ,-6.2 
46.92,9.7,4.5 ,-8.4 
46.94,10.2,5.4 ,-6.4 
46.96,10.5,6.2 ,-1.3 
46.98,10.8,7.1 ,-3.0 
47,11,7.7 ,-4.3 
47.02,10.4,8.0 ,-1.4 
47.04,9.9,8.6 ,-0.4 
47.06,9.3,9.9 ,0.0 
47.08,8.6,10.3 ,-0.3 
47.1,7.9,9.3 ,2.5 
47.12,7.2,8.5 ,2.2 
47.14,6.3,8.0 ,0.6 
47.16,5.5,9.4 ,-0.7 
47.18,4.6,10.4 ,-2.7 
47.2,3.8,12.0 ,-3.1 
47.22,3.1,13.2 ,-1.3 
47.24,2.7,12.0 ,0.0 
47.26,2.1,11.0 ,2.2 
47.28,1.7,9.7 ,2.4 
47.3,1.2,9.4 ,1.0 
47.32,0.7,9.3 ,-0.1 
47.34,0.3,9.2 ,-1.2 
47.36,0.8,9.0 ,-1.5 
47.38,1.3,8.9 ,-1.8 
47.4,1.9,8.9 ,-2.0 
47.42,2.2,9.5 ,-2.2 
47.44,0.9,9.9 ,-1.3 
47.46,-0.3,10.6 ,-0.4 
47.48,-1.7,10.0 ,-0.9 
47.5,-3.1,9.3 ,-1.4 
47.52,-4.7,8.4 ,-1.3 
47.54,-5.3,7.7 ,0.5 
47.56,-4.8,7.2 ,1.8 
47.58,-4.3,6.8 ,3.8 
47.6,-3.8,6.4 ,3.7 
47.62,-2.5,6.4 ,2.8 
47.64,-0.9,6.7 ,2.1 
47.66,0.7,6.1 ,4.0 
47.68,1.7,3.9 ,4.4 
47.7,2.2,2.0 ,3.5 
47.72,3.5,-0.4 ,3.0 
47.74,6.1,-1.8 ,1.9 
47.76,8.3,-2.5 ,1.8 
47.78,11.2,-3.5 ,3.2 
47.8,10.7,-3.7 ,4.8 
47.82,8.7,-2.8 ,4.8 
47.84,7.1,-2.0 ,3.8 
47.86,4.7,-0.8 ,3.0 
47.88,2.7,0.9 ,1.9 
47.9,0.4,3.0 ,0.9 
47.92,-1.6,6.6 ,-0.2 
47.94,-2.4,9.9 ,-0.8 
47.96,-3.3,13.5 ,0.2 
47.98,-4.6,14.8 ,1.1 
48,-6.9,16.2 ,2.2 
48.02,-8.4,17.3 ,1.3 
48.04,-8.8,18.1 ,0.0 
48.06,-9.3,15.8 ,-1.2 
48.08,-9.5,13.6 ,-0.5 
48.1,-9.7,10.9 ,0.0 
48.12,-9.9,8.8 ,1.0 
48.14,-10.1,8.4 ,0.8 
48.16,-10.2,7.9 ,-0.3 
48.18,-9.8,7.6 ,0.3 
48.2,-9.5,7.4 ,1.1 
48.22,-9,6.2 ,1.8 
48.24,-8.7,4.4 ,2.9 
48.26,-8.9,3.0 ,2.9 
48.28,-9.1,2.9 ,1.9 
48.3,-9.3,2.9 ,1.1 
48.32,-9.6,2.5 ,0.0 
48.34,-9.7,1.9 ,-1.1 
48.36,-8.8,1.3 ,-1.4 
48.38,-8.1,1.6 ,-0.5 
48.4,-7.1,2.0 ,0.2 
48.42,-6.8,2.5 ,1.2 
48.44,-6.8,1.5 ,2.2 
48.46,-6.7,-0.2 ,3.0 
48.48,-6.7,-1.8 ,2.0 
48.5,-6.6,-3.7 ,0.9 
48.52,-6.6,-4.7 ,-0.4 
48.54,-6.4,-5.8 ,-1.7 
48.56,-5.6,-6.8 ,-0.1 
48.58,-5,-7.7 ,2.1 
48.6,-4.3,-8.6 ,0.1 
48.62,-3.4,-9.0 ,-2.5 
48.64,-2.3,-8.9 ,-5.5 
48.66,-1.3,-8.6 ,-4.5 
48.68,-0.2,-8.2 ,1.1 
48.7,1,-7.8 ,0.2 
48.72,1.7,-8.1 ,-3.3 
48.74,0.9,-8.5 ,-6.0 
48.76,0.3,-9.0 ,-3.7 
48.78,-0.5,-9.1 ,-0.8 
48.8,-1.4,-7.0 ,2.0 
48.82,-0.7,-5.2 ,0.6 
48.84,0.6,-3.4 ,-1.3 
48.86,1.6,-1.9 ,-1.2 
48.88,1.3,-0.4 ,-1.2 
48.9,1.2,-0.3 ,-0.9 
48.92,0.8,-0.7 ,-1.8 
48.94,0.5,-0.3 ,-2.1 
48.96,0,0.7 ,-1.6 
48.98,0.2,1.5 ,-1.4 
49,0.9,0.8 ,-1.6 
49.02,1.4,-0.1 ,-2.7 
49.04,2.1,-1.0 ,-3.3 
49.06,2.2,-2.2 ,-4.5 
49.08,1,-3.6 ,-4.1 
49.1,0,-4.9 ,-3.5 
49.12,-1.2,-6.2 ,-2.8 
49.14,-2.4,-5.8 ,-3.5 
49.16,-2.4,-5.5 ,-4.4 
49.18,-1.9,-4.9 ,-5.6 
49.2,-1.6,-4.4 ,-4.1 
49.22,-1.8,-2.6 ,-1.1 
49.24,-2.2,0.3 ,-1.3 
49.26,-2.7,2.5 ,-1.5 
49.28,-3,3.5 ,-1.9 
49.3,-2.6,4.6 ,-2.5 
49.32,-2.2,5.6 ,-2.5 
49.34,-2.2,7.2 ,-2.3 
49.36,-3.2,8.4 ,-2.2 
49.38,-4.1,10.2 ,-0.9 
49.4,-5.1,10.4 ,5.8 
49.42,-4.6,9.5 ,4.6 
49.44,-4.3,8.7 ,1.7 
49.46,-3.8,8.3 ,3.1 
49.48,-3.2,9.4 ,2.9 
49.5,-2.6,10.6 ,1.2 
49.52,-2,9.2 ,-0.3 
49.54,-1.9,6.4 ,1.9 
49.56,-1.8,3.9 ,7.0 
49.58,-1.5,0.8 ,7.4 
49.6,1.3,-2.2 ,5.5 
49.62,4.1,-2.9 ,4.1 
49.64,6.7,-2.1 ,1.7 
49.66,7,-1.5 ,2.7 
49.68,7.6,-0.6 ,4.4 
49.7,7.8,-2.4 ,2.6 
49.72,8,-3.8 ,1.8 
49.74,8.1,-5.8 ,0.1 
49.76,8.4,-6.5 ,1.7 
49.78,7.8,-4.7 ,3.0 
49.8,6.1,-3.8 ,1.6 
49.82,4.8,-3.2 ,0.6 
49.84,3.1,-2.6 ,-0.2 
49.86,2.9,-2.2 ,-0.9 
49.88,3,-3.1 ,-1.5 
49.9,3.2,-4.0 ,-2.1 
49.92,3.5,-4.9 ,-1.2 
49.94,3.7,-6.1 ,0.3 
49.96,2.4,-6.4 ,1.8 
49.98,0.7,-5.3 ,1.7 
50,-0.8,-4.8 ,0.8 
50.02,-2.8,-3.8 ,0.1 
50.04,-3.5,-3.5 ,-0.5 
50.06,-2.2,-4.6 ,-1.1 
50.08,-1.3,-4.4 ,-1.6 
50.1,0.1,-3.4 ,-0.8 
50.12,0.3,-2.7 ,0.9 
50.14,0.1,-1.5 ,2.3 
50.16,-0.1,-0.5 ,4.1 
50.18,-0.5,0.6 ,3.2 
50.2,-0.8,1.3 ,1.9 
50.22,-1.1,1.0 ,0.8 
50.24,-1.5,0.9 ,-0.5 
50.26,-1.2,0.5 ,-1.9 
50.28,-0.8,-0.3 ,-0.9 
50.3,-0.4,-1.1 ,3.3 
50.32,0.1,-1.5 ,3.9 
50.34,0.5,-1.8 ,2.5 
50.36,0.8,-2.1 ,1.0 
50.38,0.8,-2.4 ,1.2 
50.4,0.9,-2.7 ,5.4 
50.42,1,-3.6 ,3.8 
50.44,2.2,-4.6 ,1.5 
50.46,3.3,-5.6 ,0.2 
50.48,4.6,-7.2 ,2.1 
50.5,5.9,-8.4 ,3.3 
50.52,7.2,-10.1 ,1.9 
50.54,7.9,-10.0 ,0.2 
50.56,6.2,-8.9 ,-1.7 
50.58,5,-4.7 ,-2.8 
50.6,3.2,-6.9 ,-2.4 
50.62,1.6,-13.0 ,-2.5 
50.64,-0.4,-17.9 ,-2.2 
50.66,0,-23.3 ,-2.2 
50.68,3,-22.0 ,1.4 
50.7,5.2,-22.5 ,2.7 
50.72,8.7,-19.6 ,3.0 
50.74,8.2,-13.1 ,3.6 
50.76,3.1,-6.4 ,2.5 
50.78,-0.2,0.2 ,1.4 
50.8,-6.2,8.2 ,0.2 
50.82,-2.8,8.0 ,0.8 
50.84,5.8,3.8 ,1.4 
50.86,13,5.9 ,2.3 
50.88,22.1,0.6 ,3.1 
50.9,18.5,-5.0 ,3.8 
50.92,9.4,-10.6 ,3.2 
50.94,9.1,-16.0 ,3.0 
50.96,7.7,-16.1 ,2.2 
50.98,9,-14.1 ,2.6 
51,1.6,-12.0 ,3.2 
51.02,-8.4,-9.2 ,8.5 
51.04,-20,-6.4 ,8.9 
51.06,-14.8,-8.4 ,4.9 
51.08,-0.7,-7.9 ,2.5 
51.1,10.7,0.1 ,4.6 
51.12,9.9,5.1 ,6.5 
51.14,4.8,14.0 ,4.7 
51.16,0.3,13.2 ,3.0 
51.18,-6.9,5.1 ,0.9 
51.2,-10.7,-1.1 ,-0.8 
51.22,-1.5,-9.5 ,-1.2 
51.24,6.9,-4.9 ,-2.5 
51.26,13.8,-0.8 ,0.3 
51.28,6.7,5.0 ,4.6 
51.3,2,10.1 ,9.1 
51.32,3.5,11.2 ,8.3 
51.34,9,13.6 ,5.2 
51.36,8.6,10.9 ,1.9 
51.38,5.2,6.0 ,0.3 
51.4,2.4,2.2 ,1.3 
51.42,1.6,5.0 ,0.7 
51.44,1.3,6.9 ,-0.1 
51.46,-1.1,7.0 ,0.4 
51.48,-3.4,8.2 ,0.4 
51.5,-6.7,8.6 ,0.9 
51.52,-5.4,9.8 ,-2.4 
51.54,-2,13.6 ,-4.1 
51.56,1.4,13.1 ,0.7 
51.58,4.8,8.7 ,3.6 
51.6,9.7,4.8 ,1.3 
51.62,5.8,2.2 ,-0.3 
51.64,-4.8,3.3 ,0.2 
51.66,-11.9,3.3 ,-1.4 
51.68,-9.5,4.8 ,-4.9 
51.7,-6,4.7 ,-3.9 
51.72,-2.4,4.1 ,-3.2 
51.74,3.2,3.6 ,-2.1 
51.76,3.8,3.0 ,-1.9 
51.78,1.4,4.4 ,-1.7 
51.8,-0.1,5.6 ,-1.7 
51.82,-0.7,7.3 ,-1.9 
51.84,0.6,8.0 ,-2.6 
51.86,1,7.8 ,-3.0 
51.88,2.4,7.7 ,-3.5 
51.9,1.3,8.1 ,-2.3 
51.92,0.4,9.6 ,-1.2 
51.94,-0.8,10.8 ,-0.4 
51.96,-2.7,12.0 ,-1.4 
51.98,-5.5,10.9 ,0.2 
52,-8.4,9.8 ,1.1 
52.02,-9.3,8.2 ,-1.0 
52.04,-6.1,5.4 ,-1.6 
52.06,-3.6,2.0 ,-0.5 
52.08,-0.2,-1.4 ,1.9 
52.1,3.3,-3.8 ,0.7 
52.12,3.7,-1.4 ,-1.5 
52.14,-1.4,0.6 ,-3.7 
52.16,-4.5,1.6 ,-4.2 
52.18,-10.3,-1.1 ,-4.3 
52.2,-7.7,-3.0 ,-3.8 
52.22,-2.3,-5.2 ,-2.5 
52.24,3.1,-4.5 ,-1.5 
52.26,4.1,-5.6 ,-0.1 
52.28,2.6,-5.5 ,0.4 
52.3,1.3,-4.6 ,-0.9 
52.32,1.5,-4.2 ,-2.2 
52.34,6.1,-3.3 ,-2.7 
52.36,7.3,-3.2 ,-2.5 
52.38,7.4,-3.1 ,-2.6 
52.4,7.6,-2.5 ,-2.2 
52.42,7.3,2.5 ,-1.5 
52.44,7.1,0.9 ,-0.7 
52.46,5.7,-2.1 ,0.6 
52.48,3.8,-3.3 ,2.6 
52.5,2.1,-4.0 ,1.1 
52.52,-0.2,-4.1 ,-0.8 
52.54,-3.3,-3.0 ,-2.7 
52.56,-6.4,-2.4 ,-1.7 
52.58,-6.8,-1.4 ,-0.4 
52.6,-5.1,-0.6 ,1.3 
52.62,-5.4,0.4 ,2.2 
52.64,-5.4,1.2 ,2.2 
52.66,-5.7,2.1 ,2.3 
52.68,-3.3,3.1 ,2.4 
52.7,0,2.7 ,3.7 
52.72,3.3,1.1 ,2.1 
52.74,7,0.9 ,0.1 
52.76,9.6,1.1 ,-1.9 
52.78,8.5,1.4 ,0.2 
52.8,8,1.8 ,3.0 
52.82,6.8,2.3 ,1.8 
52.84,7.5,3.0 ,1.2 
52.86,7.7,4.5 ,0.1 
52.88,8.5,5.7 ,1.7 
52.9,6.1,7.4 ,3.8 
52.92,3.7,7.5 ,3.8 
52.94,0.7,6.3 ,3.0 
52.96,-0.1,5.7 ,2.2 
52.98,0.4,4.4 ,1.4 
53,0.5,3.3 ,1.7 
53.02,-1,2.1 ,1.8 
53.04,-2.9,2.1 ,2.1 
53.06,-4.6,2.6 ,1.5 
53.08,-6.9,2.4 ,0.5 
53.1,-6.5,1.5 ,-0.4 
53.12,-4.4,-1.4 ,-1.5 
53.14,-2.8,-5.4 ,-1.3 
53.16,-0.7,-9.1 ,-0.7 
53.18,-2.3,-13.5 ,-0.4 
53.2,-3.3,-12.0 ,-0.9 
53.22,-5.1,-7.8 ,-1.3 
53.24,-6,-4.6 ,-1.2 
53.26,-5.6,0.8 ,0.0 
53.28,-5.4,1.3 ,0.0 
53.3,-5,-1.3 ,-0.9 
53.32,-6.6,-2.7 ,-1.9 
53.34,-9.1,-5.8 ,-2.3 
53.36,-11.4,-4.9 ,-2.5 
53.38,-14,-5.2 ,-1.8 
53.4,-13.8,-3.6 ,-0.6 
53.42,-14,-4.3 ,0.3 
53.44,-12.1,-3.4 ,-0.3 
53.46,-9.6,-2.4 ,-1.0 
53.48,-7.4,0.0 ,-1.6 
53.5,-4.6,0.0 ,0.5 
53.52,-3.4,0.0 ,1.8 
53.54,-4.2,0.0 ,1.2 
53.56,-4.5,0.0 ,0.7 
53.58,-5.5,0.0 ,-0.3 
53.6,-6.3,0.0 ,-1.7 
53.62,-7.2,0.0 ,-2.7 
53.64,-8,0.0 ,-2.8 
53.66,-7.3,0.0 ,-3.1 
53.68,-5.2,0.0 ,-3.1 
53.7,-3.7,0.0 ,-3.0 
53.72,-2.6,0.0 ,-2.4 
53.74,-1.4,0.0 ,-2.1 
53.76,0,0.0 ,-1.6 
53.78,0,0.0 ,-1.1 
